"time","timeDate","close","high","low","open","volumefrom","volumeto"
1421798400000,"2015-01-21",0.01523,0.0175,0.01523,0.01748,0,0
1421884800000,"2015-01-22",0.01602,0.0175,0.01523,0.01523,0,0
1421971200000,"2015-01-23",0.016,0.017,0.016,0.01602,0,0
1422057600000,"2015-01-24",0.01739,0.01739,0.015,0.016,0,0
1422144000000,"2015-01-25",0.017,0.01739,0.0156,0.01739,0,0
1422230400000,"2015-01-26",0.01469,0.0175,0.01469,0.017,0,0
1422316800000,"2015-01-27",0.0155,0.017,0.01469,0.01469,0,0
1422403200000,"2015-01-28",0.015,0.0167,0.0131,0.0155,0,0
1422489600000,"2015-01-29",0.0135,0.015,0.0131,0.015,0,0
1422576000000,"2015-01-30",0.015,0.015,0.0135,0.0135,1016.47,16.76
1422662400000,"2015-01-31",0.01499,0.015,0.0135,0.015,1217.22,17.63
1422748800000,"2015-02-01",0.01352,0.01499,0.01351,0.01499,100.73,1.43
1422835200000,"2015-02-02",0.01327,0.015,0.01327,0.015,0,0
1422921600000,"2015-02-03",0.0148,0.015,0.01327,0.01327,0,0
1423008000000,"2015-02-04",0.014,0.0148,0.014,0.0148,0,0
1423094400000,"2015-02-05",0.01573,0.01573,0.013,0.014,0,0
1423180800000,"2015-02-06",0.0155,0.01695,0.014,0.01573,339.16,5.24
1423267200000,"2015-02-07",0.01468,0.0155,0.01401,0.0155,216.69,3.26
1423353600000,"2015-02-08",0.01428,0.01506,0.01428,0.01468,0,0
1423440000000,"2015-02-09",0.0135,0.01467,0.0135,0.01428,0,0
1423526400000,"2015-02-10",0.01464,0.01467,0.011,0.0135,0,0
1423612800000,"2015-02-11",0.01462,0.01464,0.011,0.01464,0,0
1423699200000,"2015-02-12",0.0143,0.01463,0.01101,0.01462,0,0
1423785600000,"2015-02-13",0.01445,0.01472,0.01201,0.0143,0,0
1423872000000,"2015-02-14",0.012,0.01508,0.012,0.01445,0,0
1423958400000,"2015-02-15",0.012,0.012,0.012,0.012,0,0
1424044800000,"2015-02-16",0.01508,0.01509,0.012,0.01509,0,0
1424131200000,"2015-02-17",0.01301,0.01508,0.01202,0.01508,0,0
1424217600000,"2015-02-18",0.01499,0.01499,0.01301,0.01301,0,0
1424304000000,"2015-02-19",0.01307,0.01499,0.01307,0.01499,0,0
1424390400000,"2015-02-20",0.01307,0.01498,0.01307,0.01307,0.2934,0.007334
1424476800000,"2015-02-21",0.01307,0.0141,0.01307,0.01307,1.09,0.02721
1424563200000,"2015-02-22",0.01307,0.01403,0.01307,0.01307,0,0
1424649600000,"2015-02-23",0.01403,0.01403,0.01307,0.01307,0,0
1424736000000,"2015-02-24",0.01343,0.01403,0.01307,0.01403,0,0
1424822400000,"2015-02-25",0.014,0.014,0.01307,0.01343,0,0
1424908800000,"2015-02-26",0.013,0.014,0.0116,0.014,40,0.09999
1424995200000,"2015-02-27",0.01206,0.01398,0.0116,0.013,0,0
1425081600000,"2015-02-28",0.01178,0.0132,0.0116,0.01206,0,0
1425168000000,"2015-03-01",0.01101,0.01348,0.011,0.01178,0.1309,0.003272
1425254400000,"2015-03-02",0.006611,0.01208,0.006611,0.01101,0,0
1425340800000,"2015-03-03",0.008505,0.01205,0.006611,0.006611,56018.06,503.22
1425427200000,"2015-03-04",0.012,0.012,0.008426,0.008505,367.48,3.5
1425513600000,"2015-03-05",0.012,0.012,0.009331,0.012,4579.24,51.95
1425600000000,"2015-03-06",0.0104,0.012,0.009231,0.012,5.18,0.057
1425686400000,"2015-03-07",0.0103,0.012,0.0103,0.0104,0,0
1425772800000,"2015-03-08",0.009777,0.01103,0.009763,0.0103,0,0
1425859200000,"2015-03-09",0.009806,0.01098,0.009804,0.009819,0,0
1425945600000,"2015-03-10",0.009536,0.01097,0.008827,0.009806,0,0
1426032000000,"2015-03-11",0.0077,0.01093,0.0077,0.009536,180.18,2
1426118400000,"2015-03-12",0.01082,0.01088,0.0077,0.0077,0,0
1426204800000,"2015-03-13",0.01071,0.01082,0.008203,0.01082,0.1818,0.002
1426291200000,"2015-03-14",0.01112,0.01197,0.01015,0.01071,11179.82,122.98
1426377600000,"2015-03-15",0.0106,0.01167,0.01016,0.01112,0,0
1426464000000,"2015-03-16",0.01054,0.01118,0.01016,0.0106,0,0
1426550400000,"2015-03-17",0.01053,0.01118,0.01053,0.01054,1.09,0.003867
1426636800000,"2015-03-18",0.01024,0.01496,0.01016,0.01053,0,0
1426723200000,"2015-03-19",0.01093,0.01098,0.0079,0.01024,0,0
1426809600000,"2015-03-20",0.007515,0.01093,0.0075,0.01093,0,0
1426896000000,"2015-03-21",0.01011,0.01019,0.0075,0.007515,0,0
1426982400000,"2015-03-22",0.01004,0.0102,0.0094,0.01011,0,0
1427068800000,"2015-03-23",0.009728,0.0102,0.009728,0.01004,0,0
1427155200000,"2015-03-24",0.009942,0.009949,0.009001,0.009728,0,0
1427241600000,"2015-03-25",0.0092,0.009942,0.008002,0.009942,0,0
1427328000000,"2015-03-26",0.0085,0.009296,0.0085,0.0092,0,0
1427414400000,"2015-03-27",0.00875,0.008799,0.0085,0.0085,0,0
1427500800000,"2015-03-28",0.00895,0.00895,0.00865,0.00875,0,0
1427587200000,"2015-03-29",0.00835,0.00895,0.0083,0.00895,0.1768,0.002033
1427673600000,"2015-03-30",0.008199,0.008497,0.008102,0.008102,0,0
1427760000000,"2015-03-31",0.007738,0.0085,0.0075,0.008199,0.1306,0.0004657
1427846400000,"2015-04-01",0.0079,0.007984,0.007509,0.007738,0.03453,0.000397
1427932800000,"2015-04-02",0.00785,0.008499,0.007609,0.0079,0,0
1428019200000,"2015-04-03",0.008925,0.009278,0.00785,0.00785,0,0
1428105600000,"2015-04-04",0.009368,0.009938,0.00846,0.008925,0.3146,0.003618
1428192000000,"2015-04-05",0.008839,0.00946,0.0087,0.009368,0,0
1428278400000,"2015-04-06",0.008783,0.009359,0.008453,0.008839,0,0
1428364800000,"2015-04-07",0.0091,0.009359,0.008716,0.008783,0,0
1428451200000,"2015-04-08",0.00918,0.009371,0.008786,0.0091,4.75,0.05457
1428537600000,"2015-04-09",0.009195,0.0098,0.007935,0.00918,26.04,0.2619
1428624000000,"2015-04-10",0.00918,0.009199,0.008923,0.009195,0,0
1428710400000,"2015-04-11",0.008,0.00918,0.008,0.00918,0,0
1428796800000,"2015-04-12",0.008,0.009137,0.008,0.008,0,0
1428883200000,"2015-04-13",0.008271,0.0084,0.008,0.008,0,0
1428969600000,"2015-04-14",0.008271,0.008271,0.008271,0.008271,0,0
1429056000000,"2015-04-15",0.008271,0.008271,0.008271,0.008271,0,0
1429142400000,"2015-04-16",0.008271,0.008271,0.008271,0.008271,0,0
1429228800000,"2015-04-17",0.008271,0.008271,0.008271,0.008271,0,0
1429315200000,"2015-04-18",0.008271,0.008271,0.008271,0.008271,0,0
1429401600000,"2015-04-19",0.008271,0.008271,0.008271,0.008271,0,0
1429488000000,"2015-04-20",0.003565,0.0115,0.003565,0.0115,282.07,1.08
1429574400000,"2015-04-21",0.003565,0.003565,0.003565,0.003565,0,0
1429660800000,"2015-04-22",0.004,0.0114,0.003565,0.004,3003.19,10.71
1429747200000,"2015-04-23",0.008274,0.008274,0.0082,0.0082,0,0
1429833600000,"2015-04-24",0.00802,0.008496,0.008,0.008274,0.1737,0.001337
1429920000000,"2015-04-25",0.008021,0.008191,0.00802,0.00802,0,0
1430006400000,"2015-04-26",0.007781,0.008082,0.00778,0.008021,0,0
1430092800000,"2015-04-27",0.008055,0.008056,0.00778,0.007781,5.68,0.04371
1430179200000,"2015-04-28",0.007699,0.008055,0.007698,0.008055,0.702,0.007995
1430265600000,"2015-04-29",0.007635,0.008056,0.007624,0.007699,3.83,0.03824
1430352000000,"2015-04-30",0.0085,0.0085,0.007635,0.007635,2.64,0.03001
1430438400000,"2015-05-01",0.008499,0.0085,0.0078,0.0085,0.6828,0.005995
1430524800000,"2015-05-02",0.008441,0.0085,0.008008,0.008499,3.07,0.02518
1430611200000,"2015-05-03",0.007803,0.008441,0.007803,0.008441,1.24,0.006192
1430697600000,"2015-05-04",0.008165,0.0085,0.007803,0.007803,0.6175,0.002779
1430784000000,"2015-05-05",0.0078,0.008493,0.0078,0.008165,1.5,0.007488
1430870400000,"2015-05-06",0.00772,0.0079,0.00772,0.007795,0,0
1430956800000,"2015-05-07",0.007799,0.008,0.00666,0.00772,0,0
1431043200000,"2015-05-08",0.00666,0.0078,0.00666,0.007799,0,0
1431129600000,"2015-05-09",0.0078,0.0078,0.00666,0.00666,0,0
1431216000000,"2015-05-10",0.00666,0.0078,0.00666,0.0078,0,0
1431302400000,"2015-05-11",0.00666,0.00666,0.00666,0.00666,0,0
1431388800000,"2015-05-12",0.007499,0.007499,0.00666,0.007499,890.07,4.01
1431475200000,"2015-05-13",0.00666,0.0075,0.00666,0.007499,0,0
1431561600000,"2015-05-14",0.007478,0.007496,0.00666,0.00666,1.36,0.0108
1431648000000,"2015-05-15",0.006484,0.007498,0.006481,0.007478,0,0
1431734400000,"2015-05-16",0.006485,0.00719,0.006484,0.006484,538.58,6.13
1431820800000,"2015-05-17",0.006481,0.006485,0.006481,0.006485,12.12,0.1373
1431907200000,"2015-05-18",0.006116,0.006481,0.006116,0.006481,10.91,0.08675
1431993600000,"2015-05-19",0.0046,0.007098,0.0046,0.006116,0,0
1432080000000,"2015-05-20",0.005006,0.007096,0.0046,0.0046,0,0
1432166400000,"2015-05-21",0.005002,0.005006,0.005002,0.005006,0,0
1432252800000,"2015-05-22",0.005002,0.007096,0.005002,0.005002,0,0
1432339200000,"2015-05-23",0.007096,0.0071,0.007096,0.007096,0,0
1432425600000,"2015-05-24",0.005003,0.007482,0.005002,0.007096,0,0
1432512000000,"2015-05-25",0.00747,0.00747,0.005002,0.005003,1.44,0.01082
1432598400000,"2015-05-26",0.007238,0.007248,0.007238,0.007248,296.8,1.87
1432684800000,"2015-05-27",0.01498,0.01498,0.005522,0.007238,2374.11,15.47
1432771200000,"2015-05-28",0.005526,0.01498,0.005526,0.01498,0,0
1432857600000,"2015-05-29",0.01412,0.01412,0.005526,0.005526,3161.49,28.15
1432944000000,"2015-05-30",0.0081,0.01412,0.0081,0.01412,0,0
1433030400000,"2015-05-31",0.009,0.009,0.0081,0.0081,2735.04,31.15
1433116800000,"2015-06-01",0.0056,0.009,0.0056,0.009,1595.17,12.7
1433203200000,"2015-06-02",0.00857,0.008576,0.0075,0.0078,1792.91,13.45
1433289600000,"2015-06-03",0.005606,0.005606,0.0056,0.0056,17779.94,137.57
1433376000000,"2015-06-04",0.008919,0.008919,0.008,0.0085,663.8,5.58
1433462400000,"2015-06-05",0.008919,0.008919,0.005614,0.008919,164.88,1.24
1433548800000,"2015-06-06",0.008919,0.008919,0.008919,0.008919,0,0
1433635200000,"2015-06-07",0.008919,0.008919,0.008919,0.008919,0,0
1433721600000,"2015-06-08",0.008917,0.008919,0.0056,0.008919,0,0
1433808000000,"2015-06-09",0.008068,0.008916,0.005552,0.005552,0,0
1433894400000,"2015-06-10",0.008068,0.008908,0.0079,0.008068,0,0
1433980800000,"2015-06-11",0.008068,0.00891,0.008068,0.008068,0,0
1434067200000,"2015-06-12",0.008,0.00891,0.005557,0.008068,0,0
1434153600000,"2015-06-13",0.0079,0.008909,0.005561,0.008,1360.62,11.7
1434240000000,"2015-06-14",0.008,0.008907,0.008,0.008,0,0
1434326400000,"2015-06-15",0.0084,0.0084,0.008,0.008,4474.45,39.03
1434412800000,"2015-06-16",0.01497,0.01497,0.0084,0.0084,2.79,0.02619
1434499200000,"2015-06-17",0.0098,0.01497,0.0097,0.01497,218.28,2.49
1434585600000,"2015-06-18",0.01497,0.01497,0.0097,0.0098,0,0
1434672000000,"2015-06-19",0.01139,0.01139,0.01139,0.01139,2190.53,24.95
1434758400000,"2015-06-20",0.0141,0.0145,0.0141,0.0145,0,0
1434844800000,"2015-06-21",0.01,0.01497,0.01,0.0141,988.02,8.79
1434931200000,"2015-06-22",0.01025,0.01025,0.01,0.01,569.76,6.29
1435017600000,"2015-06-23",0.01025,0.01025,0.01,0.01025,0,0
1435104000000,"2015-06-24",0.0115,0.0115,0.01025,0.01025,370.12,4.09
1435190400000,"2015-06-25",0.0115,0.0115,0.0115,0.0115,2546.49,28.11
1435276800000,"2015-06-26",0.0122,0.0122,0.0115,0.0115,2713.73,30.97
1435363200000,"2015-06-27",0.011,0.01497,0.0105,0.0105,3727.73,42.87
1435449600000,"2015-06-28",0.0118,0.0118,0.011,0.011,0,0
1435536000000,"2015-06-29",0.01146,0.0118,0.01145,0.0118,0,0
1435622400000,"2015-06-30",0.011,0.01168,0.0084,0.01146,0,0
1435708800000,"2015-07-01",0.01135,0.01135,0.011,0.011,217.84,1.87
1435795200000,"2015-07-02",0.01135,0.01135,0.008422,0.01135,0,0
1435881600000,"2015-07-03",0.011,0.01497,0.0095,0.01135,0,0
1435968000000,"2015-07-04",0.0109,0.01496,0.0107,0.011,0,0
1436054400000,"2015-07-05",0.00885,0.0109,0.008801,0.0109,5.14,0.06413
1436140800000,"2015-07-06",0.01025,0.01025,0.00885,0.00885,1175.7,10.23
1436227200000,"2015-07-07",0.0092,0.01025,0.0088,0.01025,5.97,0.06232
1436313600000,"2015-07-08",0.0097,0.0097,0.0092,0.0092,3946.48,44.78
1436400000000,"2015-07-09",0.0084,0.0097,0.0084,0.0097,1996.46,17.37
1436486400000,"2015-07-10",0.008977,0.0097,0.005561,0.0084,0,0
1436572800000,"2015-07-11",0.00825,0.008977,0.00825,0.008977,0,0
1436659200000,"2015-07-12",0.008251,0.008977,0.00825,0.00825,845.38,9.3
1436745600000,"2015-07-13",0.0081,0.0088,0.0081,0.008251,0,0
1436832000000,"2015-07-14",0.0088,0.0088,0.0079,0.0081,0,0
1436918400000,"2015-07-15",0.0088,0.0088,0.0088,0.0088,0,0
1437004800000,"2015-07-16",0.0079,0.0088,0.0079,0.0088,0,0
1437091200000,"2015-07-17",0.0079,0.0079,0.0079,0.0079,0,0
1437177600000,"2015-07-18",0.008,0.0086,0.0079,0.0079,0,0
1437264000000,"2015-07-19",0.0079,0.008,0.0079,0.008,0,0
1437350400000,"2015-07-20",0.008444,0.008493,0.0079,0.0079,0,0
1437436800000,"2015-07-21",0.008438,0.008444,0.0071,0.008444,0,0
1437523200000,"2015-07-22",0.0082,0.008438,0.0082,0.008438,0.4509,0.003404
1437609600000,"2015-07-23",0.0076,0.0076,0.0076,0.0076,1.08,0.005918
1437696000000,"2015-07-24",0.0075,0.0078,0.0075,0.0076,0,0
1437782400000,"2015-07-25",0.0077,0.0082,0.0075,0.0075,0,0
1437868800000,"2015-07-26",0.0083,0.0083,0.0076,0.0077,0,0
1437955200000,"2015-07-27",0.0079,0.0086,0.0079,0.0083,0,0
1438041600000,"2015-07-28",0.00875,0.0088,0.0079,0.0079,0,0
1438128000000,"2015-07-29",0.00875,0.00875,0.00875,0.00875,0,0
1438214400000,"2015-07-30",0.0087,0.00875,0.0087,0.00875,0,0
1438300800000,"2015-07-31",0.0086,0.0086,0.00801,0.00801,0.0435,0.0003282
1438387200000,"2015-08-01",0.00841,0.0086,0.00841,0.0086,0,0
1438473600000,"2015-08-02",0.0085,0.0085,0.00801,0.00841,0,0
1438560000000,"2015-08-03",0.0085,0.0085,0.0085,0.0085,0,0
1438646400000,"2015-08-04",0.0082,0.0086,0.0082,0.0085,0,0
1438732800000,"2015-08-05",0.0086,0.0086,0.0082,0.0082,1000,9.25
1438819200000,"2015-08-06",0.00801,0.00801,0.00801,0.00801,0,0
1438905600000,"2015-08-07",0.008013,0.008013,0.00801,0.00801,0,0
1438992000000,"2015-08-08",0.009,0.0093,0.008013,0.008013,0,0
1439078400000,"2015-08-09",0.0087,0.0091,0.0086,0.009,0,0
1439164800000,"2015-08-10",0.00918,0.00918,0.0087,0.0087,279.9,1.54
1439251200000,"2015-08-11",0.0085,0.00918,0.0085,0.00918,0,0
1439337600000,"2015-08-12",0.00801,0.0085,0.00801,0.0085,0,0
1439424000000,"2015-08-13",0.0085,0.0085,0.0085,0.0085,0,0
1439510400000,"2015-08-14",0.00801,0.0085,0.00801,0.0085,0,0
1439596800000,"2015-08-15",0.00801,0.00801,0.00801,0.00801,0,0
1439683200000,"2015-08-16",0.008999,0.008999,0.00801,0.00801,0,0
1439769600000,"2015-08-17",0.0085,0.008999,0.00825,0.008999,0,0
1439856000000,"2015-08-18",0.00875,0.00875,0.0085,0.0085,355,2.89
1439942400000,"2015-08-19",0.007778,0.00875,0.007778,0.00875,0,0
1440028800000,"2015-08-20",0.00875,0.00875,0.007778,0.007778,0,0
1440115200000,"2015-08-21",0.007969,0.00875,0.007778,0.00875,0,0
1440201600000,"2015-08-22",0.00801,0.00875,0.007969,0.007969,0,0
1440288000000,"2015-08-23",0.007,0.00801,0.007,0.00801,0,0
1440374400000,"2015-08-24",0.008,0.008,0.007,0.007,0,0
1440460800000,"2015-08-25",0.0067,0.008,0.0067,0.008,0,0
1440547200000,"2015-08-26",0.00875,0.00875,0.0067,0.0067,0,0
1440633600000,"2015-08-27",0.00875,0.00875,0.00875,0.00875,0,0
1440720000000,"2015-08-28",0.005508,0.009536,0.005508,0.00815,0.03711,0.0002792
1440806400000,"2015-08-29",0.00873,0.00873,0.006701,0.006701,0,0
1440892800000,"2015-08-30",0.00873,0.00873,0.00873,0.00873,0,0
1440979200000,"2015-08-31",0.006901,0.00873,0.0069,0.00873,0,0
1441065600000,"2015-09-01",0.009536,0.009536,0.005508,0.005508,3.05,0.02909
1441152000000,"2015-09-02",0.008711,0.008711,0.006901,0.006901,0,0
1441238400000,"2015-09-03",0.009536,0.009536,0.009536,0.009536,0.01255,0.0001197
1441324800000,"2015-09-04",0.009536,0.009536,0.009536,0.009536,0,0
1441411200000,"2015-09-05",0.008,0.008711,0.007003,0.008711,2.03,0.01711
1441497600000,"2015-09-06",0.00759,0.008,0.007,0.008,104.93,1
1441584000000,"2015-09-07",0.007999,0.008,0.00709,0.00759,0,0
1441670400000,"2015-09-08",0.008,0.008,0.007999,0.007999,0,0
1441756800000,"2015-09-09",0.0085,0.0085,0.008,0.008,0,0
1441843200000,"2015-09-10",0.0077,0.0085,0.0075,0.0085,8.21,0.06922
1441929600000,"2015-09-11",0.0079,0.0079,0.0077,0.0077,1870.67,15.13
1442016000000,"2015-09-12",0.00755,0.0079,0.00755,0.0079,2353.51,18.36
1442102400000,"2015-09-13",0.00746,0.008,0.00746,0.00755,0,0
1442188800000,"2015-09-14",0.00725,0.008,0.00725,0.008,0,0
1442275200000,"2015-09-15",0.008,0.008,0.00725,0.00725,0,0
1442361600000,"2015-09-16",0.0074,0.008,0.0074,0.008,0,0
1442448000000,"2015-09-17",0.0076,0.00778,0.0074,0.0074,0,0
1442534400000,"2015-09-18",0.00725,0.0077,0.00725,0.0076,0,0
1442620800000,"2015-09-19",0.0077,0.0077,0.00725,0.00725,0,0
1442707200000,"2015-09-20",0.0072,0.0077,0.0072,0.0077,1253.85,9.19
1442793600000,"2015-09-21",0.0076,0.0077,0.0075,0.0075,786.51,4.93
1442880000000,"2015-09-22",0.0072,0.0075,0.0072,0.0075,0,0
1442966400000,"2015-09-23",0.007499,0.0075,0.0066,0.0072,0.05102,0.0003746
1443052800000,"2015-09-24",0.0067,0.0068,0.0067,0.0068,1040,7.11
1443139200000,"2015-09-25",0.0075,0.0075,0.0066,0.0067,0,0
1443225600000,"2015-09-26",0.006596,0.00661,0.006596,0.00661,325.53,1.91
1443312000000,"2015-09-27",0.005566,0.005566,0.005566,0.005566,0,0
1443398400000,"2015-09-28",0.005901,0.00725,0.005816,0.00725,0,0
1443484800000,"2015-09-29",0.005526,0.006498,0.005526,0.0059,880.79,5.02
1443571200000,"2015-09-30",0.005526,0.005526,0.005526,0.005526,0,0
1443657600000,"2015-10-01",0.00525,0.0055,0.00525,0.0055,0,0
1443744000000,"2015-10-02",0.0058,0.006491,0.0058,0.006491,0,0
1443830400000,"2015-10-03",0.00525,0.006392,0.00525,0.0058,0,0
1443916800000,"2015-10-04",0.005005,0.0051,0.005005,0.0051,0,0
1444003200000,"2015-10-05",0.0059,0.0059,0.00444,0.005005,0,0
1444089600000,"2015-10-06",0.005798,0.0059,0.0057,0.0059,92.81,0.5059
1444176000000,"2015-10-07",0.0055,0.0058,0.0055,0.00559,2977.19,15
1444262400000,"2015-10-08",0.0051,0.0055,0.0051,0.0055,0,0
1444348800000,"2015-10-09",0.0055,0.00825,0.005,0.0051,1900.25,9.53
1444435200000,"2015-10-10",0.00825,0.00825,0.005044,0.005044,1.2,0.006031
1444521600000,"2015-10-11",0.005251,0.007,0.00525,0.00525,0,0
1444608000000,"2015-10-12",0.0055,0.0065,0.00524,0.005251,0.4487,0.002262
1444694400000,"2015-10-13",0.0054,0.0056,0.0054,0.0055,2163.02,12.56
1444780800000,"2015-10-14",0.005006,0.005598,0.005006,0.0054,0,0
1444867200000,"2015-10-15",0.005051,0.00522,0.005006,0.005006,9.45,0.04887
1444953600000,"2015-10-16",0.005412,0.005412,0.005412,0.005412,229.44,1.19
1445040000000,"2015-10-17",0.005051,0.0056,0.005051,0.005412,1862.54,9.71
1445126400000,"2015-10-18",0.005027,0.005055,0.005027,0.00505,74.41,0.3824
1445212800000,"2015-10-19",0.005081,0.005527,0.005027,0.005027,266.38,1.38
1445299200000,"2015-10-20",0.0048,0.005081,0.00453,0.005081,89.68,0.416
1445385600000,"2015-10-21",0.0046,0.0048,0.0046,0.0048,906.78,4.27
1445472000000,"2015-10-22",0.004492,0.0055,0.004492,0.0046,833.34,3.81
1445558400000,"2015-10-23",0.0046,0.004646,0.0045,0.0045,0,0
1445644800000,"2015-10-24",0.0046,0.0055,0.0046,0.0046,0,0
1445731200000,"2015-10-25",0.004492,0.0051,0.004492,0.0046,109,0.5217
1445817600000,"2015-10-26",0.0051,0.0051,0.004492,0.004492,197.43,0.9258
1445904000000,"2015-10-27",0.004794,0.0051,0.004444,0.0051,0.1769,0.0008362
1445990400000,"2015-10-28",0.004445,0.004794,0.004445,0.004794,2833.92,15.7
1446076800000,"2015-10-29",0.004003,0.0055,0.004003,0.004445,25060.76,115.18
1446163200000,"2015-10-30",0.005249,0.00525,0.004626,0.004626,42836.23,196.08
1446249600000,"2015-10-31",0.005033,0.005249,0.005033,0.005249,1135.9,5.36
1446336000000,"2015-11-01",0.005033,0.005033,0.005033,0.005033,0,0
1446422400000,"2015-11-02",0.0045,0.004905,0.0045,0.00475,3057.62,15.9
1446508800000,"2015-11-03",0.0051,0.00525,0.00505,0.00505,9893.64,50.71
1446595200000,"2015-11-04",0.0045,0.005527,0.0044,0.0048,41424.94,194.28
1446681600000,"2015-11-05",0.0041,0.0055,0.0041,0.0045,12486.55,54.6
1446768000000,"2015-11-06",0.004415,0.004578,0.004204,0.004278,7275.86,32.31
1446854400000,"2015-11-07",0.00445,0.00445,0.004,0.004,6062.17,28.31
1446940800000,"2015-11-08",0.004,0.0045,0.004,0.00445,473.11,2.16
1447027200000,"2015-11-09",0.004,0.0047,0.004,0.0047,0,0
1447113600000,"2015-11-10",0.00435,0.00435,0.00435,0.00435,7977.09,36.02
1447200000000,"2015-11-11",0.0047,0.0047,0.004,0.004,6068.56,26.5
1447286400000,"2015-11-12",0.005,0.005,0.0047,0.0047,4780.98,21.6
1447372800000,"2015-11-13",0.00434,0.004469,0.00429,0.00436,4087.58,18.13
1447459200000,"2015-11-14",0.0048,0.0048,0.0048,0.0048,5608.77,24.25
1447545600000,"2015-11-15",0.004172,0.004498,0.004139,0.004315,16282.8,70.95
1447632000000,"2015-11-16",0.004308,0.00432,0.004134,0.004172,6328.99,26.85
1447718400000,"2015-11-17",0.0044,0.0044,0.0044,0.0044,8344.88,35.03
1447804800000,"2015-11-18",0.0041,0.004397,0.0041,0.0043,378.45,1.63
1447891200000,"2015-11-19",0.004399,0.004399,0.004,0.0041,0,0
1447977600000,"2015-11-20",0.00439,0.004391,0.00439,0.004391,0,0
1448064000000,"2015-11-21",0.004058,0.004273,0.004058,0.004267,539.14,2.32
1448150400000,"2015-11-22",0.004327,0.004327,0.004298,0.004298,340.08,1.47
1448236800000,"2015-11-23",0.004397,0.004397,0.004238,0.00425,2376.67,10.29
1448323200000,"2015-11-24",0.004206,0.004397,0.004201,0.004397,0,0
1448409600000,"2015-11-25",0.0042,0.004366,0.0042,0.004366,2.23,0.009349
1448496000000,"2015-11-26",0.004066,0.00437,0.004066,0.0042,9310.34,39.05
1448582400000,"2015-11-27",0.004,0.004078,0.004,0.004073,2,0.00844
1448668800000,"2015-11-28",0.004,0.004,0.004,0.004,5715.43,24.05
1448755200000,"2015-11-29",0.004,0.004,0.004,0.004,0,0
1448841600000,"2015-11-30",0.004,0.004395,0.004,0.004,15726.1,65.92
1448928000000,"2015-12-01",0.00402,0.004104,0.0039,0.0039,20928.33,87.63
1449014400000,"2015-12-02",0.00415,0.00415,0.0038,0.00402,800,3.24
1449100800000,"2015-12-03",0.0041,0.00425,0.004,0.00415,8840.13,38.26
1449187200000,"2015-12-04",0.004799,0.004799,0.004101,0.004101,34398.11,154.82
1449273600000,"2015-12-05",0.00425,0.004799,0.00425,0.004799,8465.43,44.75
1449360000000,"2015-12-06",0.00475,0.004799,0.00425,0.00425,26439.07,134.8
1449446400000,"2015-12-07",0.0045,0.004951,0.0045,0.00475,1079.39,5.92
1449532800000,"2015-12-08",0.00624,0.00624,0.0045,0.0045,14416.69,107.58
1449619200000,"2015-12-09",0.00735,0.00825,0.005831,0.00624,29760.21,252.67
1449705600000,"2015-12-10",0.006498,0.009998,0.0045,0.00735,29214.57,248.03
1449792000000,"2015-12-11",0.006,0.007,0.006,0.006498,70055.11,572.04
1449878400000,"2015-12-12",0.006131,0.006997,0.006088,0.006997,9137.55,78.05
1449964800000,"2015-12-13",0.0059,0.006556,0.0059,0.006131,167.43,1.46
1450051200000,"2015-12-14",0.0058,0.006997,0.0058,0.0059,63227.79,513.01
1450137600000,"2015-12-15",0.00475,0.0061,0.00475,0.0058,505066.3,3348.1
1450224000000,"2015-12-16",0.006,0.006,0.00425,0.00425,115800.05,718.3
1450310400000,"2015-12-17",0.0056,0.0058,0.0056,0.0058,1556.55,10.45
1450396800000,"2015-12-18",0.0054,0.00559,0.0049,0.00559,5739.11,36.91
1450483200000,"2015-12-19",0.0055,0.0055,0.0055,0.0055,3.26,0.02025
1450569600000,"2015-12-20",0.0049,0.005,0.0049,0.005,14285.71,88
1450656000000,"2015-12-21",0.005108,0.005108,0.0048,0.005,10630.66,63.53
1450742400000,"2015-12-22",0.0056,0.0056,0.004716,0.005108,718.98,4.38
1450828800000,"2015-12-23",0.0056,0.0056,0.005041,0.005194,10000,58.8
1450915200000,"2015-12-24",0.00475,0.0056,0.00475,0.0056,0,0
1451001600000,"2015-12-25",0.006694,0.006694,0.00588,0.00588,1730.59,10.83
1451088000000,"2015-12-26",0.0058,0.0058,0.005,0.0057,5000,32
1451174400000,"2015-12-27",0.0051,0.0051,0.0051,0.0051,0,0
1451260800000,"2015-12-28",0.0049,0.0051,0.0049,0.0051,1743.87,10.98
1451347200000,"2015-12-29",0.005255,0.0054,0.00501,0.0052,6,0.03668
1451433600000,"2015-12-30",0.00535,0.00535,0.005162,0.005255,9640.06,59.02
1451520000000,"2015-12-31",0.005205,0.00535,0.0051,0.00535,200,1.2
1451606400000,"2016-01-01",0.0055,0.0055,0.005132,0.005205,0,0
1451692800000,"2016-01-02",0.005125,0.005132,0.005,0.005132,500,3.06
1451779200000,"2016-01-03",0.0052,0.0054,0.005,0.005125,24.01,0.1477
1451865600000,"2016-01-04",0.0051,0.00535,0.0051,0.0052,0,0
1451952000000,"2016-01-05",0.005,0.0054,0.005,0.0051,0,0
1452038400000,"2016-01-06",0.005,0.0055,0.005,0.005,2146.76,13.1
1452124800000,"2016-01-07",0.005,0.00564,0.005,0.005,13736.8,82
1452211200000,"2016-01-08",0.005,0.0056,0.005,0.005,11732.81,69.06
1452297600000,"2016-01-09",0.004,0.0055,0.004,0.005,15.03,0.09224
1452384000000,"2016-01-10",0.0054,0.0054,0.0054,0.0054,0,0
1452470400000,"2016-01-11",0.00401,0.0054,0.00401,0.0054,44.43,0.2533
1452556800000,"2016-01-12",0.005053,0.005053,0.00401,0.00401,0,0
1452643200000,"2016-01-13",0.00505,0.00505,0.00505,0.00505,200,1.14
1452729600000,"2016-01-14",0.00479,0.00505,0.00401,0.00505,865.61,4.82
1452816000000,"2016-01-15",0.00505,0.00505,0.00479,0.00479,23969.9,127.5
1452902400000,"2016-01-16",0.004892,0.005134,0.004653,0.005134,3095.7,15.17
1452988800000,"2016-01-17",0.004917,0.004917,0.004889,0.004892,644.99,3.16
1453075200000,"2016-01-18",0.00511,0.005425,0.004917,0.004917,110.78,0.5991
1453161600000,"2016-01-19",0.005245,0.00528,0.00511,0.00511,961.59,5.06
1453248000000,"2016-01-20",0.005433,0.005433,0.005245,0.005245,16998.67,89.16
1453334400000,"2016-01-21",0.005241,0.005616,0.005241,0.005433,4003.86,22.29
1453420800000,"2016-01-22",0.005231,0.005241,0.00499,0.005241,2808.94,14.61
1453507200000,"2016-01-23",0.00512,0.005233,0.00512,0.005231,13448.99,69.14
1453593600000,"2016-01-24",0.005122,0.005197,0.00499,0.00512,6947.04,35.58
1453680000000,"2016-01-25",0.0051,0.005122,0.0051,0.005122,15249.12,78.1
1453766400000,"2016-01-26",0.005653,0.005653,0.005,0.0051,27468.66,148.66
1453852800000,"2016-01-27",0.006511,0.006952,0.005653,0.005653,147089.45,939.14
1453939200000,"2016-01-28",0.005795,0.006847,0.005766,0.006511,669.33,3.89
1454025600000,"2016-01-29",0.00692,0.00785,0.005795,0.005795,5033.24,33.37
1454112000000,"2016-01-30",0.00633,0.00785,0.006205,0.00692,20518.35,156.65
1454198400000,"2016-01-31",0.006154,0.0066,0.005784,0.00633,18271.24,106.16
1454284800000,"2016-02-01",0.006697,0.006697,0.0053,0.006154,5830.56,37.26
1454371200000,"2016-02-02",0.006989,0.006989,0.006472,0.006697,287.57,2.01
1454457600000,"2016-02-03",0.006623,0.006989,0.006623,0.006989,255.02,1.76
1454544000000,"2016-02-04",0.006633,0.006967,0.006582,0.006623,52.58,0.357
1454630400000,"2016-02-05",0.0079,0.0079,0.006586,0.006633,788.37,5.43
1454716800000,"2016-02-06",0.008,0.008,0.0079,0.0079,6979.98,55.64
1454803200000,"2016-02-07",0.007644,0.009086,0.007644,0.008,27910.12,239.26
1454889600000,"2016-02-08",0.008122,0.008122,0.008122,0.008122,82614.61,671
1454976000000,"2016-02-09",0.007361,0.1,0.007361,0.008122,23420.35,202.1
1455062400000,"2016-02-10",0.007388,0.008191,0.007361,0.007361,603978,4539.86
1455148800000,"2016-02-11",0.008191,0.008191,0.007359,0.007388,161863.68,1215.72
1455235200000,"2016-02-12",0.00794,0.008204,0.006386,0.008191,115058.72,897.74
1455321600000,"2016-02-13",0.00844,0.00845,0.00766,0.00794,61537.79,508.82
1455408000000,"2016-02-14",0.00821,0.008991,0.008202,0.00844,145822.63,1231.21
1455494400000,"2016-02-15",0.00835,0.0088,0.00821,0.00821,46128.55,385.56
1455580800000,"2016-02-16",0.00811,0.00875,0.00811,0.00835,65433.19,541.05
1455667200000,"2016-02-17",0.007456,0.008635,0.007327,0.00811,374365.15,2800.59
1455753600000,"2016-02-18",0.00844,0.00844,0.007421,0.007456,391387.61,3163.15
1455840000000,"2016-02-19",0.008479,0.008482,0.00773,0.00844,14311.7,121
1455926400000,"2016-02-20",0.007896,0.008479,0.007896,0.008479,841.39,6.71
1456012800000,"2016-02-21",0.008312,0.0084,0.007896,0.007896,59464.96,473.3
1456099200000,"2016-02-22",0.00831,0.008312,0.00765,0.008312,12514.7,103.99
1456185600000,"2016-02-23",0.00815,0.00831,0.00815,0.00831,1002.85,8.17
1456272000000,"2016-02-24",0.00785,0.00815,0.00785,0.00815,3803.18,30.26
1456358400000,"2016-02-25",0.008234,0.008234,0.007549,0.00785,17138.58,133.39
1456444800000,"2016-02-26",0.008225,0.008234,0.00798,0.008234,25587.86,207.25
1456531200000,"2016-02-27",0.0078,0.008225,0.0078,0.008225,13205.02,103.27
1456617600000,"2016-02-28",0.008155,0.008155,0.007515,0.0078,100.47,0.8144
1456704000000,"2016-02-29",0.0081,0.008155,0.007601,0.008155,62315.92,500.01
1456790400000,"2016-03-01",0.008278,0.00828,0.0078,0.0081,172648.38,1360.69
1456876800000,"2016-03-02",0.008094,0.008278,0.007827,0.008278,18796.34,147.94
1456963200000,"2016-03-03",0.007902,0.00822,0.00782,0.008094,351011.93,2772.82
1457049600000,"2016-03-04",0.007938,0.008457,0.0079,0.007902,79253.54,642.03
1457136000000,"2016-03-05",0.007342,0.008446,0.007342,0.007938,38571.48,299.61
1457222400000,"2016-03-06",0.00755,0.008085,0.007162,0.007342,389958.06,2878.8
1457308800000,"2016-03-07",0.007672,0.007943,0.00755,0.00755,198773.96,1527.94
1457395200000,"2016-03-08",0.0078,0.007959,0.007645,0.007672,34483.8,267.89
1457481600000,"2016-03-09",0.0081,0.008479,0.007654,0.0078,27050.31,217.98
1457568000000,"2016-03-10",0.008201,0.008633,0.007997,0.0081,59133.43,481.79
1457654400000,"2016-03-11",0.009218,0.009694,0.008201,0.008201,25815.34,221.01
1457740800000,"2016-03-12",0.00814,0.009218,0.0081,0.009218,78227.15,654.2
1457827200000,"2016-03-13",0.008182,0.008891,0.008103,0.00814,615.6,5.15
1457913600000,"2016-03-14",0.0083,0.008871,0.0081,0.008182,19305.68,158.25
1458000000000,"2016-03-15",0.00787,0.008375,0.007201,0.0083,458272.08,3777.89
1458086400000,"2016-03-16",0.008193,0.008355,0.00787,0.00787,20854.28,164.92
1458172800000,"2016-03-17",0.0081,0.008419,0.0079,0.008193,42786.74,346.88
1458259200000,"2016-03-18",0.008282,0.008416,0.0079,0.0081,1230.28,10
1458345600000,"2016-03-19",0.00782,0.008282,0.00782,0.008282,17379.99,136.97
1458432000000,"2016-03-20",0.00778,0.008128,0.00778,0.00782,138882,1097.36
1458518400000,"2016-03-21",0.00792,0.008128,0.00778,0.00778,308662.1,2503.24
1458604800000,"2016-03-22",0.007915,0.00813,0.007905,0.00792,77868.96,618.58
1458691200000,"2016-03-23",0.008381,0.008511,0.007915,0.007915,22394.1,183.68
1458777600000,"2016-03-24",0.008421,0.008445,0.008065,0.008381,8550.39,70.07
1458864000000,"2016-03-25",0.008212,0.008421,0.008,0.008421,4804.86,39
1458950400000,"2016-03-26",0.008128,0.008212,0.008004,0.008212,1260.68,10.16
1459036800000,"2016-03-27",0.007863,0.008128,0.007863,0.008128,80985.28,641
1459123200000,"2016-03-28",0.007329,0.008122,0.00715,0.007863,240873.82,1852.1
1459209600000,"2016-03-29",0.0075,0.007851,0.0072,0.007329,41444.51,316.84
1459296000000,"2016-03-30",0.007105,0.007849,0.006901,0.0075,80261.87,590.58
1459382400000,"2016-03-31",0.007395,0.007579,0.007359,0.007359,60498.13,457.13
1459468800000,"2016-04-01",0.0075,0.0075,0.007071,0.007311,3935.98,29.3
1459555200000,"2016-04-02",0.00757,0.00757,0.007222,0.0075,295851.7,2138.83
1459641600000,"2016-04-03",0.007478,0.007595,0.00735,0.00757,134032.46,1014.28
1459728000000,"2016-04-04",0.0074,0.007595,0.0074,0.007478,24150.42,180.35
1459814400000,"2016-04-05",0.007301,0.007474,0.0073,0.0074,29197.8,216.09
1459900800000,"2016-04-06",0.007304,0.007397,0.007153,0.007301,34956.85,255.13
1459987200000,"2016-04-07",0.006828,0.007304,0.00671,0.007304,92917.7,655.59
1460073600000,"2016-04-08",0.006541,0.00687,0.006541,0.006828,1450.49,9.64
1460160000000,"2016-04-09",0.006222,0.00686,0.006,0.006541,87864.47,597.38
1460246400000,"2016-04-10",0.0061,0.006249,0.00568,0.006222,66691.75,402.03
1460332800000,"2016-04-11",0.00623,0.006493,0.005856,0.0061,10164.61,63.07
1460419200000,"2016-04-12",0.005995,0.006366,0.005701,0.00623,280731.68,1774.75
1460505600000,"2016-04-13",0.005943,0.005995,0.00557,0.005995,6525.93,38.57
1460592000000,"2016-04-14",0.006367,0.006367,0.005573,0.005943,27460.89,168.52
1460678400000,"2016-04-15",0.006544,0.006544,0.006089,0.006367,2470.65,15.81
1460764800000,"2016-04-16",0.006549,0.006549,0.0065,0.006544,4636.34,30.28
1460851200000,"2016-04-17",0.006635,0.006635,0.006184,0.006549,11836.6,76.49
1460937600000,"2016-04-18",0.006711,0.007195,0.00644,0.006635,22210.48,150.36
1461024000000,"2016-04-19",0.007038,0.007213,0.006711,0.006711,11495.86,81.8
1461110400000,"2016-04-20",0.006951,0.007562,0.006869,0.007038,127110.27,915.26
1461196800000,"2016-04-21",0.0073,0.00776,0.006951,0.006951,9859.13,74.71
1461283200000,"2016-04-22",0.007357,0.007489,0.006932,0.0073,4393.5,32.21
1461369600000,"2016-04-23",0.007357,0.007473,0.007357,0.007357,4576.21,33.67
1461456000000,"2016-04-24",0.007225,0.007469,0.007037,0.007357,4545.01,32.88
1461542400000,"2016-04-25",0.007274,0.007428,0.007196,0.007225,10905.55,79.49
1461628800000,"2016-04-26",0.00693,0.007274,0.00693,0.007274,2258.68,16.03
1461715200000,"2016-04-27",0.006614,0.006998,0.006614,0.00693,26265.05,179.98
1461801600000,"2016-04-28",0.006735,0.006735,0.006424,0.006614,10120,65.05
1461888000000,"2016-04-29",0.006858,0.006858,0.006683,0.006735,710.8,4.81
1461974400000,"2016-04-30",0.006881,0.006881,0.00658,0.006858,49.89,0.3419
1462060800000,"2016-05-01",0.006583,0.006881,0.006582,0.006881,9.18,0.0631
1462147200000,"2016-05-02",0.006686,0.00672,0.00647,0.006583,225974.63,1487.11
1462233600000,"2016-05-03",0.006455,0.006687,0.006455,0.006686,731.25,4.76
1462320000000,"2016-05-04",0.006262,0.006587,0.006161,0.006455,164656.91,1031.99
1462406400000,"2016-05-05",0.006116,0.006262,0.006105,0.006262,76413.65,478.42
1462492800000,"2016-05-06",0.006302,0.00653,0.006116,0.006116,173459.59,1086.29
1462579200000,"2016-05-07",0.006344,0.00653,0.006302,0.006302,3585.59,23.06
1462665600000,"2016-05-08",0.006303,0.006524,0.006303,0.006344,2664.22,17.28
1462752000000,"2016-05-09",0.0064,0.006406,0.006303,0.006303,2240.94,14.34
1462838400000,"2016-05-10",0.006295,0.0064,0.00621,0.0064,2949.36,18.65
1462924800000,"2016-05-11",0.006089,0.006295,0.006089,0.006295,9862.44,61.32
1463011200000,"2016-05-12",0.006125,0.006231,0.006036,0.006089,59503.81,365.27
1463097600000,"2016-05-13",0.006101,0.006198,0.006,0.006125,744418.81,4579.44
1463184000000,"2016-05-14",0.006049,0.006049,0.00571,0.00591,25267.82,146.34
1463270400000,"2016-05-15",0.006091,0.006091,0.005821,0.006049,3427.88,20.49
1463356800000,"2016-05-16",0.006091,0.006091,0.006091,0.006091,1736.4,10.58
1463443200000,"2016-05-17",0.005991,0.006099,0.0058,0.006091,11622.11,69.55
1463529600000,"2016-05-18",0.005764,0.006088,0.005764,0.005991,25244.32,145.69
1463616000000,"2016-05-19",0.006185,0.006188,0.005764,0.005764,709610.38,4279.17
1463702400000,"2016-05-20",0.006095,0.006186,0.005749,0.006185,158730.49,957.84
1463788800000,"2016-05-21",0.00595,0.006095,0.005724,0.006095,1766.94,10.18
1463875200000,"2016-05-22",0.00594,0.00595,0.0057,0.00595,230571.61,1369.6
1463961600000,"2016-05-23",0.005751,0.00595,0.005676,0.00594,58456.73,340.3
1464048000000,"2016-05-24",0.0058,0.00594,0.005751,0.005751,18684.09,108.41
1464134400000,"2016-05-25",0.00555,0.005896,0.00555,0.0058,48688.16,280.06
1464220800000,"2016-05-26",0.0057,0.0057,0.00543,0.00555,319415.07,1747.14
1464307200000,"2016-05-27",0.00549,0.0058,0.00549,0.0057,12967.85,73.59
1464393600000,"2016-05-28",0.004853,0.005595,0.004853,0.00549,89334.88,471.67
1464480000000,"2016-05-29",0.005613,0.006198,0.00485,0.004853,90323,518.33
1464566400000,"2016-05-30",0.005799,0.005799,0.005406,0.005613,954300.31,5305.55
1464652800000,"2016-05-31",0.00557,0.005799,0.00557,0.005799,275136.88,1547.56
1464739200000,"2016-06-01",0.00579,0.00579,0.0055,0.00557,32979.4,186.67
1464825600000,"2016-06-02",0.005774,0.005818,0.00562,0.00579,135625.66,783.09
1464912000000,"2016-06-03",0.005849,0.005858,0.00565,0.005774,69194.79,397.41
1464998400000,"2016-06-04",0.005895,0.00594,0.0057,0.005849,89568.85,527.42
1465084800000,"2016-06-05",0.005799,0.005895,0.005513,0.005895,116727.01,677.88
1465171200000,"2016-06-06",0.005898,0.0059,0.0056,0.005799,124816.04,715.61
1465257600000,"2016-06-07",0.00578,0.005898,0.0056,0.005898,1855980.18,10572.96
1465344000000,"2016-06-08",0.005738,0.0058,0.005575,0.00578,1112044.13,6226.16
1465430400000,"2016-06-09",0.005672,0.005789,0.005671,0.005738,7256.25,41.27
1465516800000,"2016-06-10",0.00569,0.005728,0.005614,0.005672,51661.48,292.83
1465603200000,"2016-06-11",0.00569,0.005779,0.00569,0.005739,14837.73,85.03
1465689600000,"2016-06-12",0.005599,0.005779,0.005426,0.00569,997524.8,5600.12
1465776000000,"2016-06-13",0.005814,0.005814,0.005467,0.005599,1490772.32,8198.88
1465862400000,"2016-06-14",0.0073,0.02,0.00557,0.005814,9078523.59,65383.74
1465948800000,"2016-06-15",0.0066,0.008,0.0065,0.0073,864577.54,6084.51
1466035200000,"2016-06-16",0.006587,0.006942,0.006303,0.0066,1972201.36,12821.47
1466121600000,"2016-06-17",0.006649,0.007,0.00625,0.006587,4446516.73,29851.53
1466208000000,"2016-06-18",0.006507,0.006845,0.00622,0.006649,724101.69,4653.86
1466294400000,"2016-06-19",0.007238,0.0083,0.006351,0.006507,794090.05,5775.16
1466380800000,"2016-06-20",0.00649,0.007238,0.0064,0.007238,1227857.86,8271.71
1466467200000,"2016-06-21",0.005804,0.006587,0.005803,0.00649,742173.4,4592.99
1466553600000,"2016-06-22",0.0068,0.009991,0.005781,0.005804,10318742.42,68853.99
1466640000000,"2016-06-23",0.006295,0.007137,0.006092,0.0068,5558246.77,35969.85
1466726400000,"2016-06-24",0.00665,0.006724,0.006249,0.006295,2456637.88,15946.6
1466812800000,"2016-06-25",0.006479,0.00665,0.006314,0.00665,125279.42,806.96
1466899200000,"2016-06-26",0.0065,0.00658,0.0063,0.006479,1596863.8,10363.94
1466985600000,"2016-06-27",0.0063,0.00665,0.0063,0.0065,987434.4,6282.34
1467072000000,"2016-06-28",0.007246,0.0075,0.006263,0.0063,2146583.55,14705.72
1467158400000,"2016-06-29",0.006957,0.007246,0.00638,0.007246,405214.93,2738.99
1467244800000,"2016-06-30",0.0066,0.006957,0.0065,0.006957,2274815.94,15156.28
1467331200000,"2016-07-01",0.00678,0.0072,0.006506,0.0066,1758161.6,11815.04
1467417600000,"2016-07-02",0.00661,0.007142,0.006484,0.00678,168600.25,1128.67
1467504000000,"2016-07-03",0.006789,0.00704,0.00655,0.00661,77754.07,512.36
1467590400000,"2016-07-04",0.006554,0.00692,0.00611,0.006789,1250415.84,8171.14
1467676800000,"2016-07-05",0.006432,0.006818,0.006432,0.006554,909461.86,6083.3
1467763200000,"2016-07-06",0.00652,0.006765,0.00632,0.006432,827106.17,5389.19
1467849600000,"2016-07-07",0.00661,0.00661,0.00612,0.00652,968903.78,6199.01
1467936000000,"2016-07-08",0.006706,0.006706,0.006204,0.00661,283095.59,1824.94
1468022400000,"2016-07-09",0.006549,0.006706,0.006162,0.006706,128290.79,838.24
1468108800000,"2016-07-10",0.00644,0.006576,0.006251,0.006549,994709.33,6509.47
1468195200000,"2016-07-11",0.00624,0.006551,0.00624,0.00644,8478.77,53
1468281600000,"2016-07-12",0.006496,0.00655,0.0062,0.00624,1045406.33,6540.34
1468368000000,"2016-07-13",0.0065,0.0065,0.00625,0.006496,10944.36,69.49
1468454400000,"2016-07-14",0.006458,0.0065,0.006312,0.0065,33852.53,217.54
1468540800000,"2016-07-15",0.006531,0.006538,0.006356,0.006458,371928.97,2418.93
1468627200000,"2016-07-16",0.006707,0.006825,0.006506,0.006531,427357.33,2833.97
1468713600000,"2016-07-17",0.006732,0.006881,0.006479,0.006707,255143.71,1686.53
1468800000000,"2016-07-18",0.0065,0.006734,0.0065,0.006732,15732.85,103.55
1468886400000,"2016-07-19",0.006443,0.006606,0.006419,0.0065,1118531.24,7355.52
1468972800000,"2016-07-20",0.0064,0.006539,0.006277,0.006443,352741.01,2249.35
1469059200000,"2016-07-21",0.006492,0.006492,0.0064,0.0064,377794.02,2426.87
1469145600000,"2016-07-22",0.006242,0.006528,0.00622,0.006492,377796.46,2406.47
1469232000000,"2016-07-23",0.0064,0.006419,0.0062,0.006242,12434.97,78.22
1469318400000,"2016-07-24",0.006286,0.0065,0.0061,0.0064,450271.86,2819.67
1469404800000,"2016-07-25",0.006243,0.0063,0.006055,0.006286,90136.67,560.36
1469491200000,"2016-07-26",0.005795,0.0065,0.005751,0.006243,609227.7,3657.61
1469577600000,"2016-07-27",0.005952,0.006111,0.005776,0.005795,189151.04,1125.48
1469664000000,"2016-07-28",0.006008,0.00615,0.005801,0.005952,552955.44,3315.54
1469750400000,"2016-07-29",0.0062,0.0062,0.0058,0.006008,216005.9,1319.76
1469836800000,"2016-07-30",0.0062,0.0062,0.005913,0.0062,14505.38,89.89
1469923200000,"2016-07-31",0.006,0.0062,0.0058,0.0062,66567.57,397.53
1470009600000,"2016-08-01",0.005742,0.006,0.005742,0.006,150633.97,879.88
1470096000000,"2016-08-02",0.005695,0.00595,0.0048,0.005742,878958.71,4667.49
1470182400000,"2016-08-03",0.00562,0.00585,0.005092,0.005695,415721.11,2274.52
1470268800000,"2016-08-04",0.006117,0.00645,0.005318,0.00562,661300.29,3852.91
1470355200000,"2016-08-05",0.0059,0.006117,0.00575,0.006117,46457.66,274.82
1470441600000,"2016-08-06",0.0063,0.006881,0.0059,0.0059,1493902.67,9693.61
1470528000000,"2016-08-07",0.0062,0.006503,0.00605,0.0063,441771.85,2777.39
1470614400000,"2016-08-08",0.006,0.006405,0.006,0.0062,555264.3,3366.01
1470700800000,"2016-08-09",0.00625,0.006561,0.00593,0.006,746700.66,4576.39
1470787200000,"2016-08-10",0.00624,0.0065,0.00614,0.00625,1102404.28,6986.23
1470873600000,"2016-08-11",0.006106,0.0063,0.0061,0.00624,72680.78,453
1470960000000,"2016-08-12",0.00605,0.0063,0.00604,0.006106,92305.14,564.25
1471046400000,"2016-08-13",0.00618,0.006226,0.006,0.00605,126967.67,763.13
1471132800000,"2016-08-14",0.005944,0.00624,0.005,0.00618,249752.67,1477.39
1471219200000,"2016-08-15",0.0062,0.0062,0.005852,0.005944,274141.83,1654.91
1471305600000,"2016-08-16",0.00615,0.006328,0.005806,0.0062,983452.96,6097.2
1471392000000,"2016-08-17",0.0061,0.006211,0.005948,0.00615,156792.65,945.72
1471478400000,"2016-08-18",0.005907,0.00615,0.005906,0.0061,173836.97,1066.6
1471564800000,"2016-08-19",0.006065,0.006438,0.005907,0.005907,200794.89,1270.41
1471651200000,"2016-08-20",0.006204,0.006237,0.00605,0.006065,4307.34,26.28
1471737600000,"2016-08-21",0.00604,0.006204,0.005907,0.006204,228873.74,1363.6
1471824000000,"2016-08-22",0.005652,0.006126,0.005619,0.00604,566272.89,3319.66
1471910400000,"2016-08-23",0.00575,0.006126,0.005652,0.005652,66176.8,401.16
1471996800000,"2016-08-24",0.006149,0.006172,0.00575,0.00575,181864.58,1104.81
1472083200000,"2016-08-25",0.0062,0.00625,0.00595,0.006149,60184.27,365.52
1472169600000,"2016-08-26",0.005908,0.0062,0.0059,0.0062,18335.36,109.05
1472256000000,"2016-08-27",0.0059,0.00609,0.0059,0.005908,598109.73,3583.33
1472342400000,"2016-08-28",0.006057,0.00617,0.00585,0.0059,657654.23,3932.77
1472428800000,"2016-08-29",0.0065,0.0065,0.00585,0.006057,496764.81,3077.02
1472515200000,"2016-08-30",0.006,0.0067,0.0059,0.0065,102846.11,621.43
1472601600000,"2016-08-31",0.006,0.0061,0.005895,0.006,542662.63,3229.38
1472688000000,"2016-09-01",0.005948,0.00603,0.005901,0.006,599738.3,3553.66
1472774400000,"2016-09-02",0.006023,0.00605,0.005901,0.005948,201223.43,1211.7
1472860800000,"2016-09-03",0.00603,0.006242,0.00585,0.006023,989901.56,5881.26
1472947200000,"2016-09-04",0.005947,0.006158,0.00585,0.00603,1482334.19,9030.3
1473033600000,"2016-09-05",0.005926,0.006083,0.00585,0.005947,358320.54,2136.64
1473120000000,"2016-09-06",0.005965,0.006051,0.005867,0.005926,392369.41,2317.28
1473206400000,"2016-09-07",0.005883,0.005991,0.005855,0.005965,229857.13,1354
1473292800000,"2016-09-08",0.00594,0.0061,0.005855,0.005883,225545.36,1345.13
1473379200000,"2016-09-09",0.00603,0.00603,0.00585,0.00594,259026.98,1549.42
1473465600000,"2016-09-10",0.005917,0.00603,0.005853,0.00603,153016.45,908.84
1473552000000,"2016-09-11",0.005825,0.00599,0.00581,0.005917,105680.06,625.26
1473638400000,"2016-09-12",0.005899,0.0061,0.005794,0.005825,160187.02,955.91
1473724800000,"2016-09-13",0.005917,0.006035,0.005825,0.005899,93542.12,557.5
1473811200000,"2016-09-14",0.006058,0.006479,0.00591,0.005917,344698.36,2160.74
1473897600000,"2016-09-15",0.0091,0.0115,0.006058,0.006058,7993836.4,70952.82
1473984000000,"2016-09-16",0.0072,0.00913,0.006765,0.0091,2921971.08,22523.57
1474070400000,"2016-09-17",0.007078,0.007466,0.00695,0.0072,1018493.87,7214.84
1474156800000,"2016-09-18",0.006999,0.007078,0.006731,0.007078,559945.83,3842.33
1474243200000,"2016-09-19",0.006958,0.007465,0.006743,0.006999,68057.63,491.33
1474329600000,"2016-09-20",0.006825,0.006958,0.0067,0.006958,929235.97,6326.46
1474416000000,"2016-09-21",0.006805,0.00715,0.006643,0.006825,882218.97,6086.04
1474502400000,"2016-09-22",0.006848,0.007058,0.00676,0.006805,133435.66,915.08
1474588800000,"2016-09-23",0.0074,0.00745,0.006736,0.006848,1209620.91,8425.68
1474675200000,"2016-09-24",0.0075,0.0075,0.007219,0.0074,328106.46,2413.35
1474761600000,"2016-09-25",0.008166,0.008176,0.0072,0.0075,681084.78,5332.68
1474848000000,"2016-09-26",0.0077,0.0089,0.007688,0.008166,1071252.59,9106.9
1474934400000,"2016-09-27",0.008405,0.008543,0.007646,0.0077,631668.87,5204.98
1475020800000,"2016-09-28",0.008668,0.009255,0.008196,0.008405,1118454.02,9763.1
1475107200000,"2016-09-29",0.009097,0.00936,0.008668,0.008668,1502703.35,13521.93
1475193600000,"2016-09-30",0.0086,0.009496,0.008559,0.009097,1975866.6,17458.33
1475280000000,"2016-10-01",0.007982,0.008855,0.00788,0.0086,1133591.18,9370.65
1475366400000,"2016-10-02",0.00795,0.008401,0.00795,0.007982,243482.16,1970.95
1475452800000,"2016-10-03",0.008169,0.0084,0.00795,0.00795,514051.01,4208.55
1475539200000,"2016-10-04",0.0078,0.008177,0.0078,0.008169,307515.92,2449.12
1475625600000,"2016-10-05",0.007256,0.008011,0.007256,0.0078,681840.32,5121.41
1475712000000,"2016-10-06",0.007496,0.007649,0.007088,0.007256,372690.21,2777.36
1475798400000,"2016-10-07",0.007366,0.0078,0.00725,0.007496,299522.16,2201.32
1475884800000,"2016-10-08",0.007446,0.007449,0.007149,0.007366,108399.85,796.36
1475971200000,"2016-10-09",0.00745,0.0078,0.007327,0.007446,646392.19,4979.12
1476057600000,"2016-10-10",0.008064,0.009,0.00745,0.00745,771138.86,6261.96
1476144000000,"2016-10-11",0.007814,0.00859,0.007641,0.008064,528454.34,4315.43
1476230400000,"2016-10-12",0.007921,0.008234,0.007686,0.007814,1034475.18,8175.16
1476316800000,"2016-10-13",0.007981,0.007981,0.007635,0.007921,79462.57,621.15
1476403200000,"2016-10-14",0.00812,0.00832,0.007836,0.007981,558014.61,4501.91
1476489600000,"2016-10-15",0.007999,0.0084,0.007999,0.00812,416436.08,3344.65
1476576000000,"2016-10-16",0.00803,0.008176,0.007956,0.007999,884776.07,7077.68
1476662400000,"2016-10-17",0.00808,0.008326,0.007899,0.00803,1406787.3,11562.78
1476748800000,"2016-10-18",0.0084,0.008438,0.008,0.00808,166003.71,1377.26
1476835200000,"2016-10-19",0.008571,0.008785,0.00835,0.0084,378472.31,3233.17
1476921600000,"2016-10-20",0.0092,0.00935,0.008571,0.008571,1515358.75,13773.02
1477008000000,"2016-10-21",0.009098,0.0093,0.008662,0.0092,445618.22,4015.78
1477094400000,"2016-10-22",0.00888,0.009098,0.008765,0.009098,293038.92,2609.78
1477180800000,"2016-10-23",0.008903,0.00915,0.008788,0.00888,217890.06,1935.91
1477267200000,"2016-10-24",0.00886,0.00949,0.00886,0.008903,355609.42,3204.66
1477353600000,"2016-10-25",0.008902,0.009211,0.0088,0.00886,76501.37,689.12
1477440000000,"2016-10-26",0.008774,0.008994,0.00865,0.008902,33510.32,298.69
1477526400000,"2016-10-27",0.00829,0.008778,0.008063,0.008774,1314380.38,11015.37
1477612800000,"2016-10-28",0.0078,0.0085,0.007711,0.00829,1266332.42,10004.15
1477699200000,"2016-10-29",0.007732,0.00809,0.00725,0.0078,1203503.43,9211.93
1477785600000,"2016-10-30",0.008023,0.008436,0.00759,0.007732,2244789.62,17730.43
1477872000000,"2016-10-31",0.007979,0.008415,0.007905,0.008023,542249.79,4428.33
1477958400000,"2016-11-01",0.008028,0.0084,0.007836,0.007979,665353.96,5379.56
1478044800000,"2016-11-02",0.008225,0.008361,0.007906,0.008028,209761.33,1711.04
1478131200000,"2016-11-03",0.008145,0.008436,0.008,0.008225,810563.63,6660.81
1478217600000,"2016-11-04",0.0082,0.008288,0.00808,0.008145,64183.01,528.31
1478304000000,"2016-11-05",0.00821,0.008316,0.008147,0.0082,146885.78,1217.6
1478390400000,"2016-11-06",0.00807,0.00835,0.00807,0.00821,126515.8,1041.62
1478476800000,"2016-11-07",0.00826,0.0083,0.008011,0.00807,111499.17,904.27
1478563200000,"2016-11-08",0.008263,0.008482,0.00802,0.00826,320968.33,2668.49
1478649600000,"2016-11-09",0.008179,0.008354,0.00775,0.008263,728568.37,5923.29
1478736000000,"2016-11-10",0.008153,0.008267,0.008048,0.008179,186136.06,1505.79
1478822400000,"2016-11-11",0.008021,0.008193,0.007868,0.008153,85204.87,684.6
1478908800000,"2016-11-12",0.008109,0.008267,0.00798,0.008021,244100.84,1980.63
1478995200000,"2016-11-13",0.008028,0.008148,0.007901,0.008109,127570.9,1023.91
1479081600000,"2016-11-14",0.008079,0.00815,0.00792,0.008028,273438.96,2173.34
1479168000000,"2016-11-15",0.00771,0.008013,0.00771,0.0079,507206.64,3977.5
1479254400000,"2016-11-16",0.0077,0.008151,0.0076,0.00771,895287.44,7088.98
1479340800000,"2016-11-17",0.007809,0.0079,0.007601,0.0077,456477.85,3586.73
1479427200000,"2016-11-18",0.0078,0.007809,0.0076,0.007809,20279.11,156.43
1479513600000,"2016-11-19",0.007689,0.0078,0.0076,0.0078,289046.65,2232.41
1479600000000,"2016-11-20",0.00765,0.007689,0.0073,0.007689,691291.32,5151.64
1479686400000,"2016-11-21",0.0074,0.007656,0.0074,0.00765,201192.83,1522.92
1479772800000,"2016-11-22",0.007378,0.00757,0.007201,0.0074,676105.44,4972.79
1479859200000,"2016-11-23",0.007045,0.0074,0.006857,0.007378,647349.83,4562.63
1479945600000,"2016-11-24",0.00687,0.007137,0.00675,0.007045,948071.92,6511.45
1480032000000,"2016-11-25",0.006819,0.006971,0.00677,0.00687,279943.68,1923.85
1480118400000,"2016-11-26",0.006971,0.006971,0.00675,0.006819,5581.43,38.1
1480204800000,"2016-11-27",0.006845,0.00704,0.00678,0.006971,147812.4,1024.71
1480291200000,"2016-11-28",0.006761,0.00704,0.006761,0.006845,101977.14,694.89
1480377600000,"2016-11-29",0.00672,0.00687,0.00672,0.006761,171740.14,1158.49
1480464000000,"2016-11-30",0.006795,0.00686,0.006507,0.00672,155272.2,1034.16
1480550400000,"2016-12-01",0.006604,0.00704,0.006542,0.006795,285323.94,1910.4
1480636800000,"2016-12-02",0.006558,0.006704,0.006439,0.006604,1000731.92,6559.35
1480723200000,"2016-12-03",0.006656,0.006689,0.006529,0.006558,351076.48,2292.36
1480809600000,"2016-12-04",0.006423,0.006656,0.006423,0.006656,233801.12,1522.09
1480896000000,"2016-12-05",0.006304,0.006566,0.006304,0.006423,69996.56,445.04
1480982400000,"2016-12-06",0.0067,0.0067,0.006304,0.006304,320968.8,2042.15
1481068800000,"2016-12-07",0.007,0.0071,0.006447,0.0067,333125.37,2272.3
1481155200000,"2016-12-08",0.006996,0.00729,0.006813,0.007,231276.34,1644.1
1481241600000,"2016-12-09",0.006931,0.007243,0.0068,0.006996,93717.2,650.64
1481328000000,"2016-12-10",0.006742,0.006945,0.00666,0.006931,167352.95,1143.87
1481414400000,"2016-12-11",0.006766,0.006791,0.0066,0.006742,107004.34,716.45
1481500800000,"2016-12-12",0.0067,0.006815,0.0067,0.006766,46050.36,311.88
1481587200000,"2016-12-13",0.006689,0.006823,0.006562,0.0067,479973.53,3235.87
1481673600000,"2016-12-14",0.006788,0.006828,0.00656,0.006689,32910.54,179.33
1481760000000,"2016-12-15",0.006634,0.006788,0.006538,0.006788,178798.37,1187.07
1481846400000,"2016-12-16",0.006694,0.006853,0.006495,0.006634,245643.16,1634.62
1481932800000,"2016-12-17",0.00649,0.006694,0.006454,0.006694,407654.24,2633.39
1482019200000,"2016-12-18",0.0065,0.006658,0.006454,0.00649,129833.63,857.08
1482105600000,"2016-12-19",0.00645,0.006623,0.00645,0.0065,165792.05,1047.97
1482192000000,"2016-12-20",0.006538,0.006615,0.00638,0.00645,279858.73,1816.86
1482278400000,"2016-12-21",0.006559,0.006582,0.00627,0.006538,655982.49,4219.33
1482364800000,"2016-12-22",0.006376,0.006559,0.0061,0.006559,959872.74,6247.9
1482451200000,"2016-12-23",0.006086,0.006547,0.005962,0.006376,659001.71,4081.57
1482537600000,"2016-12-24",0.006438,0.006455,0.00603,0.006086,354702.74,2218.84
1482624000000,"2016-12-25",0.00631,0.00655,0.00631,0.006438,590800.21,3772.84
1482710400000,"2016-12-26",0.00625,0.00662,0.006138,0.00631,387534.53,2468.57
1482796800000,"2016-12-27",0.006135,0.006438,0.00605,0.00625,652681.8,4030.7
1482883200000,"2016-12-28",0.006243,0.0063,0.006096,0.006135,365215.15,2259.72
1482969600000,"2016-12-29",0.006474,0.006863,0.006165,0.006243,669088.75,4332.57
1483056000000,"2016-12-30",0.006415,0.006595,0.006336,0.006474,358872.34,2319.48
1483142400000,"2016-12-31",0.006511,0.006742,0.006206,0.006415,363962.31,2355.34
1483228800000,"2017-01-01",0.006346,0.006597,0.006259,0.006511,259802.37,1655.85
1483315200000,"2017-01-02",0.006312,0.006418,0.006207,0.006346,703770.93,4453.34
1483401600000,"2017-01-03",0.006411,0.006569,0.00622,0.006312,1934062.31,12585.46
1483488000000,"2017-01-04",0.00641,0.00684,0.006374,0.006411,1013614.7,6665.66
1483574400000,"2017-01-05",0.006276,0.006889,0.00565,0.00641,9863067.97,59727.49
1483660800000,"2017-01-06",0.006222,0.006497,0.005995,0.006276,3345599.98,20860.28
1483747200000,"2017-01-07",0.006363,0.006457,0.00605,0.006222,1068684.28,6726.51
1483833600000,"2017-01-08",0.006251,0.006457,0.00624,0.006363,920871.28,5847.39
1483920000000,"2017-01-09",0.006176,0.006339,0.006124,0.006251,726753.3,4510.74
1484006400000,"2017-01-10",0.006815,0.007138,0.006176,0.006176,4728396.95,31358.26
1484092800000,"2017-01-11",0.006543,0.0069,0.00625,0.006815,5184826.19,33867.39
1484179200000,"2017-01-12",0.006359,0.007088,0.0063,0.006543,3663035.39,24204.51
1484265600000,"2017-01-13",0.006669,0.006707,0.0063,0.006359,1228990.27,8006.85
1484352000000,"2017-01-14",0.006795,0.007,0.006588,0.006669,1130884.03,7658.65
1484438400000,"2017-01-15",0.00681,0.006907,0.0067,0.006795,677164.8,4602.19
1484524800000,"2017-01-16",0.00678,0.00689,0.0067,0.00681,487950.2,3314.38
1484611200000,"2017-01-17",0.00683,0.0071,0.00668,0.0071,7055646.31,47642.84
1484697600000,"2017-01-18",0.0068,0.00719,0.00664,0.00683,8926227.83,60798.58
1484784000000,"2017-01-19",0.00684,0.00688,0.0065,0.0068,4152715.35,27957.66
1484870400000,"2017-01-20",0.0066,0.00685,0.0064,0.00684,4070055.68,27108.96
1484956800000,"2017-01-21",0.00684,0.00684,0.00652,0.0066,3463385.94,23175.65
1485043200000,"2017-01-22",0.00678,0.00683,0.00669,0.00684,1005841.26,6785.09
1485129600000,"2017-01-23",0.00669,0.00682,0.00659,0.00678,1976028.32,13230.12
1485216000000,"2017-01-24",0.0065,0.00674,0.0065,0.00669,1881219.63,12365.68
1485302400000,"2017-01-25",0.00649,0.0065,0.00643,0.0065,2069452.21,13407.6
1485388800000,"2017-01-26",0.0063,0.00676,0.00616,0.00649,6167286.46,39434.22
1485475200000,"2017-01-27",0.00636,0.0065,0.003,0.0063,2112346.42,12870.39
1485561600000,"2017-01-28",0.00639,0.0064,0.0063,0.00636,920997.84,5885.19
1485648000000,"2017-01-29",0.00631,0.00637,0.00631,0.00639,730113.03,4637.15
1485734400000,"2017-01-30",0.00645,0.0065,0.00635,0.00631,1002300.09,6416.39
1485820800000,"2017-01-31",0.00641,0.0065,0.00618,0.00645,3947215.82,25168.5
1485907200000,"2017-02-01",0.00649,0.0066,0.00623,0.00641,6106734.11,39527.67
1485993600000,"2017-02-02",0.0064,0.00661,0.0064,0.00649,3006188.1,19550.61
1486080000000,"2017-02-03",0.00638,0.00649,0.00624,0.0064,2956119.84,18767.89
1486166400000,"2017-02-04",0.00644,0.00647,0.00635,0.00638,1055990.94,6751.86
1486252800000,"2017-02-05",0.00629,0.00648,0.00628,0.00644,1799499.78,11460.37
1486339200000,"2017-02-06",0.00638,0.00644,0.00627,0.00629,879677.64,5592.76
1486425600000,"2017-02-07",0.00641,0.00647,0.00626,0.00638,2971836.96,18963.71
1486512000000,"2017-02-08",0.00635,0.00648,0.00608,0.00641,5767607.56,36811.3
1486598400000,"2017-02-09",0.00628,0.00643,0.00609,0.00635,7508089.58,46646.09
1486684800000,"2017-02-10",0.00631,0.00635,0.00595,0.00628,5929101.81,36954.47
1486771200000,"2017-02-11",0.00638,0.0064,0.00627,0.00631,1436163.54,9104.42
1486857600000,"2017-02-12",0.00627,0.0064,0.00627,0.00638,648462.27,4108.22
1486944000000,"2017-02-13",0.00624,0.00635,0.0062,0.00627,5039140.71,31421.01
1487030400000,"2017-02-14",0.00622,0.00638,0.00621,0.00624,4681330.33,29378.69
1487116800000,"2017-02-15",0.0061,0.00627,0.0058,0.00622,15179845.4,92550.51
1487203200000,"2017-02-16",0.00593,0.00636,0.005,0.0061,34573708.54,209957.43
1487289600000,"2017-02-17",0.00587,0.00611,0.00546,0.00593,21687182.56,127444.57
1487376000000,"2017-02-18",0.00554,0.006,0.005,0.00587,18671627.63,102216.26
1487462400000,"2017-02-19",0.00591,0.00591,0.00551,0.00554,3765738.09,21941.43
1487548800000,"2017-02-20",0.00596,0.00597,0.00566,0.00591,3708460.24,21766.29
1487635200000,"2017-02-21",0.00585,0.00596,0.00571,0.00596,2742698.9,15946.88
1487721600000,"2017-02-22",0.00583,0.00595,0.00581,0.00585,3006738.29,17676.67
1487808000000,"2017-02-23",0.00585,0.00594,0.00574,0.00583,5240067.18,30767.38
1487894400000,"2017-02-24",0.0056,0.00595,0.0055,0.00585,3370647.67,19202.76
1487980800000,"2017-02-25",0.00563,0.00583,0.0056,0.0056,1283787.99,7353.08
1488067200000,"2017-02-26",0.0057,0.0057,0.00562,0.00563,359509.29,2028.45
1488153600000,"2017-02-27",0.00556,0.0057,0.00556,0.0057,2211118.14,12433.65
1488240000000,"2017-02-28",0.00557,0.0057,0.00531,0.00556,10240541.43,56591.66
1488326400000,"2017-03-01",0.00539,0.00558,0.00525,0.00557,10221707.3,55724.98
1488412800000,"2017-03-02",0.00606,0.00635,0.00531,0.00539,39639109.31,234732.01
1488499200000,"2017-03-03",0.00649,0.00651,0.00592,0.00606,19137206.82,119360.01
1488585600000,"2017-03-04",0.0062,0.00668,0.0062,0.00649,9182576.24,58721.31
1488672000000,"2017-03-05",0.00604,0.0063,0.00601,0.0062,4953008.28,30462.96
1488758400000,"2017-03-06",0.00604,0.00618,0.00599,0.00604,2852352.16,17385.43
1488844800000,"2017-03-07",0.00673,0.00687,0.00589,0.00604,23054660.33,147098.05
1488931200000,"2017-03-08",0.0065,0.00692,0.00644,0.00673,27937954.97,186329.28
1489017600000,"2017-03-09",0.00648,0.0066,0.00632,0.0065,20212785.06,130276.25
1489104000000,"2017-03-10",0.00617,0.00669,0.0058,0.00648,36461968.12,224003.23
1489190400000,"2017-03-11",0.00625,0.00642,0.00606,0.00617,12924322.19,80072.99
1489276800000,"2017-03-12",0.00632,0.00634,0.00602,0.00625,8439534.82,52308.05
1489363200000,"2017-03-13",0.00644,0.00648,0.00615,0.00632,22836606.96,143784.43
1489449600000,"2017-03-14",0.00639,0.00644,0.00626,0.00644,8752809.7,55377.75
1489536000000,"2017-03-15",0.00625,0.00642,0.00625,0.00639,11103165.1,69986.05
1489622400000,"2017-03-16",0.0063,0.00636,0.00601,0.00625,48728508.8,300429.47
1489708800000,"2017-03-17",0.00597,0.00634,0.00576,0.0063,38076244.86,229922.36
1489795200000,"2017-03-18",0.00688,0.00731,0.00597,0.00597,83739506.36,559283.06
1489881600000,"2017-03-19",0.00669,0.0072,0.00642,0.00688,29312252.81,198486.61
1489968000000,"2017-03-20",0.0069,0.00705,0.00645,0.00669,27290382.8,186091.03
1490054400000,"2017-03-21",0.00682,0.00705,0.00663,0.0069,23215169.62,158497.1
1490140800000,"2017-03-22",0.00719,0.00758,0.00679,0.00682,36092531.98,259081.34
1490227200000,"2017-03-23",0.011,0.011,0.00719,0.00719,100132816.02,876003.44
1490313600000,"2017-03-24",0.01062,0.01182,0.00815,0.011,152896223.15,1558480.67
1490400000000,"2017-03-25",0.00888,0.01084,0.00879,0.01062,67234005.62,650956.8
1490486400000,"2017-03-26",0.00937,0.00982,0.00888,0.00888,24653766.54,230824.07
1490572800000,"2017-03-27",0.00943,0.01025,0.009,0.00937,42149727.56,403512.31
1490659200000,"2017-03-28",0.00955,0.00965,0.00906,0.00943,25363669.6,237326.87
1490745600000,"2017-03-29",0.01015,0.01015,0.00946,0.00955,22498975.43,219621.23
1490832000000,"2017-03-30",0.01383,0.0147,0.01015,0.01015,104840490.88,1279895.34
1490918400000,"2017-03-31",0.0214,0.02254,0.01315,0.01383,248273926.03,4698750.76
1491004800000,"2017-04-01",0.022,0.02323,0.01968,0.0214,86881532.22,1888519.15
1491091200000,"2017-04-02",0.0615,0.0695,0.0075,0.022,443133877.23,19084433.49
1491177600000,"2017-04-03",0.03201,0.062,0.025,0.0615,292830252,12220082.14
1491264000000,"2017-04-04",0.03787,0.0429,0.0269,0.03201,159379438.17,5650470.81
1491350400000,"2017-04-05",0.03559,0.04108,0.035,0.03787,105013348.76,3942401.73
1491436800000,"2017-04-06",0.0332,0.03728,0.029,0.03559,110945937.52,3642037
1491523200000,"2017-04-07",0.03715,0.03873,0.03086,0.0332,102118633.32,3568261.44
1491609600000,"2017-04-08",0.03575,0.0378,0.03515,0.03715,58141930.06,2051120.05
1491696000000,"2017-04-09",0.03421,0.03578,0.03251,0.03575,32765410.76,1123333.76
1491782400000,"2017-04-10",0.03404,0.0359,0.0332,0.03421,28362464.41,987619.79
1491868800000,"2017-04-11",0.03316,0.03513,0.032,0.03404,29820884.98,1009841.89
1491955200000,"2017-04-12",0.03455,0.0356,0.0322,0.03316,41022755.03,1410149.96
1492041600000,"2017-04-13",0.03422,0.03562,0.0337,0.03455,41253647.78,1439327.13
1492128000000,"2017-04-14",0.03348,0.03525,0.033,0.03422,23633835.57,814998.38
1492214400000,"2017-04-15",0.03381,0.03451,0.03315,0.03348,15502586.44,534015.83
1492300800000,"2017-04-16",0.03306,0.03395,0.03251,0.03381,13395325.17,454902.39
1492387200000,"2017-04-17",0.03333,0.03386,0.03246,0.03306,19192079.69,659060.65
1492473600000,"2017-04-18",0.03281,0.03419,0.0322,0.03333,26069857.39,894803.51
1492560000000,"2017-04-19",0.03035,0.03319,0.02816,0.03281,35030665.83,1139723.37
1492646400000,"2017-04-20",0.02999,0.03104,0.02643,0.03035,64206329.18,1917181.87
1492732800000,"2017-04-21",0.03355,0.0347,0.02945,0.02999,82638334.29,2793812.52
1492819200000,"2017-04-22",0.0316,0.03401,0.03033,0.03355,27758838.68,939203.45
1492905600000,"2017-04-23",0.03141,0.03214,0.03102,0.0316,21204340.28,722171.43
1492992000000,"2017-04-24",0.03151,0.032,0.0309,0.03141,16871413.16,561755.88
1493078400000,"2017-04-25",0.03224,0.03421,0.03108,0.03151,38797010.16,1348850.11
1493164800000,"2017-04-26",0.03275,0.03392,0.03224,0.03224,34441871.68,1203110.64
1493251200000,"2017-04-27",0.03523,0.0368,0.03225,0.03275,45280235.83,1621980.78
1493337600000,"2017-04-28",0.045,0.04612,0.03487,0.03523,120537934.75,5228921.43
1493424000000,"2017-04-29",0.05383,0.05952,0.04499,0.045,124585751.84,6837573.87
1493510400000,"2017-04-30",0.05218,0.05499,0.04902,0.05383,51990180.5,2863538.63
1493596800000,"2017-05-01",0.05383,0.05811,0.04903,0.05218,77803041.37,4400757.51
1493683200000,"2017-05-02",0.05382,0.05527,0.0505,0.05383,38673147.83,2181169.51
1493769600000,"2017-05-03",0.06108,0.06199,0.05245,0.05382,63348707.19,3774438.71
1493856000000,"2017-05-04",0.08,0.08793,0.06,0.06108,177349558.15,13341509.99
1493942400000,"2017-05-05",0.09139,0.105,0.07776,0.08,168241122.32,16003075.16
1494028800000,"2017-05-06",0.1001,0.1039,0.09029,0.09139,76319259.52,7643760.23
1494115200000,"2017-05-07",0.1391,0.155,0.09725,0.1001,141560171.43,18031415.59
1494201600000,"2017-05-08",0.1917,0.224,0.1121,0.1391,196517552.96,37136489.61
1494288000000,"2017-05-09",0.1564,0.207,0.112,0.1917,93831869.88,15247250.05
1494374400000,"2017-05-10",0.187,0.1979,0.151,0.1564,57112346.62,10410824.18
1494460800000,"2017-05-11",0.1837,0.1973,0.1618,0.187,47809247.56,8658236.56
1494547200000,"2017-05-12",0.2069,0.21,0.1806,0.1837,48149201.05,9551271.9
1494633600000,"2017-05-13",0.2102,0.222,0.1951,0.2069,35707884.68,7550384.47
1494720000000,"2017-05-14",0.2171,0.22,0.2076,0.2102,17259980.55,3761429.2
1494806400000,"2017-05-15",0.2631,0.2631,0.2156,0.2171,55292919.61,13507979.08
1494892800000,"2017-05-16",0.325,0.3347,0.25,0.2631,95310891.4,29148812.54
1494979200000,"2017-05-17",0.375,0.3989,0.285,0.325,112506900.1,42005499.07
1495065600000,"2017-05-18",0.3575,0.3925,0.304,0.375,56879038.45,20067804.63
1495152000000,"2017-05-19",0.3224,0.3594,0.2817,0.3575,58127536.18,19250494.2
1495238400000,"2017-05-20",0.3449,0.359,0.289,0.3224,55875200.71,18702933.84
1495324800000,"2017-05-21",0.324,0.36,0.319,0.3449,31294214.44,10681141.34
1495411200000,"2017-05-22",0.2988,0.3308,0.2348,0.324,66178319.15,19685837.01
1495497600000,"2017-05-23",0.3229,0.3542,0.2827,0.2988,41180583.67,13244183.85
1495584000000,"2017-05-24",0.29,0.34,0.286,0.3229,49652846.45,15365254.24
1495670400000,"2017-05-25",0.24,0.3027,0.231,0.29,77640588.87,20208070.63
1495756800000,"2017-05-26",0.276,0.3282,0.24,0.24,69359469.41,19654368.93
1495843200000,"2017-05-27",0.21,0.287,0.135,0.276,142982758.12,28093426.39
1495929600000,"2017-05-28",0.2281,0.2489,0.2033,0.21,55287846.06,11990463.42
1496016000000,"2017-05-29",0.2324,0.2462,0.2102,0.2281,47022259.61,10585430.11
1496102400000,"2017-05-30",0.2042,0.2388,0.1868,0.2324,40779818.03,8841687.19
1496188800000,"2017-05-31",0.2475,0.251,0.1931,0.2042,51676689.21,11365542
1496275200000,"2017-06-01",0.3364,0.34,0.2456,0.2475,124130165.67,36224800.07
1496361600000,"2017-06-02",0.2959,0.3372,0.2759,0.3364,49615504.65,14682655.98
1496448000000,"2017-06-03",0.2921,0.307,0.2711,0.2959,26174288.34,7343416.42
1496534400000,"2017-06-04",0.2941,0.31,0.271,0.2921,14936400.01,4301001.2
1496620800000,"2017-06-05",0.2888,0.2979,0.2869,0.2941,12305756.13,3537444.36
1496707200000,"2017-06-06",0.284,0.295,0.274,0.2888,41415473.4,11631815.38
1496793600000,"2017-06-07",0.2762,0.3,0.2717,0.284,45347019.83,12841935.83
1496880000000,"2017-06-08",0.2869,0.2973,0.27,0.2762,24468373.19,6947528.66
1496966400000,"2017-06-09",0.2814,0.296,0.28,0.2869,19735787.39,5686608.83
1497052800000,"2017-06-10",0.2598,0.2848,0.2555,0.2814,34208675.2,9130607.59
1497139200000,"2017-06-11",0.2701,0.28,0.2543,0.2598,21434528.02,5691147.16
1497225600000,"2017-06-12",0.2467,0.282,0.2325,0.2701,56601709.1,14044119.87
1497312000000,"2017-06-13",0.2626,0.275,0.2454,0.2467,23963493.68,6073130.84
1497398400000,"2017-06-14",0.2623,0.3,0.245,0.2626,55854511.68,15105056.57
1497484800000,"2017-06-15",0.245,0.2642,0.214,0.2623,50497842.08,11786932.87
1497571200000,"2017-06-16",0.2506,0.257,0.2325,0.245,19461669.73,4736284.88
1497657600000,"2017-06-17",0.2597,0.265,0.2357,0.2506,28881453.28,7225216.03
1497744000000,"2017-06-18",0.2651,0.278,0.247,0.2597,32932524.23,8604390.18
1497830400000,"2017-06-19",0.281,0.282,0.2588,0.2651,20883914.01,5576730.22
1497916800000,"2017-06-20",0.308,0.325,0.2742,0.281,77740855.21,23633172.29
1498003200000,"2017-06-21",0.2726,0.3126,0.2542,0.308,48481619.89,13552632.34
1498089600000,"2017-06-22",0.2779,0.2816,0.2513,0.2726,46961504.42,12535773.68
1498176000000,"2017-06-23",0.2916,0.295,0.2767,0.2779,23592415.64,6728587.17
1498262400000,"2017-06-24",0.2775,0.3039,0.2564,0.2916,74568116.74,20595203.34
1498348800000,"2017-06-25",0.2577,0.2816,0.2485,0.2775,25109869.26,6609432.57
1498435200000,"2017-06-26",0.2461,0.2672,0.2184,0.2577,57631504.55,13774522.03
1498521600000,"2017-06-27",0.2618,0.2618,0.2261,0.2461,41434786.21,9886565.6
1498608000000,"2017-06-28",0.2686,0.2687,0.2487,0.2618,27680751.7,7124296.3
1498694400000,"2017-06-29",0.2561,0.2693,0.2513,0.2686,21949030.52,5613510.15
1498780800000,"2017-06-30",0.2466,0.2596,0.245,0.2561,17416009.02,4386458.77
1498867200000,"2017-07-01",0.2386,0.2518,0.2337,0.2466,17667630.13,4226316.92
1498953600000,"2017-07-02",0.2537,0.2547,0.233,0.2386,13951206.81,3370660.17
1499040000000,"2017-07-03",0.2523,0.2567,0.2445,0.2537,19637126.59,4894775.1
1499126400000,"2017-07-04",0.2473,0.2581,0.2471,0.2523,17995464.05,4552741.55
1499212800000,"2017-07-05",0.252,0.2563,0.2434,0.2473,15408028.83,3825545.68
1499299200000,"2017-07-06",0.2506,0.2528,0.2482,0.252,9830561.25,2448037.8
1499385600000,"2017-07-07",0.2303,0.2516,0.2298,0.2506,22491360.69,5350475.95
1499472000000,"2017-07-08",0.23,0.2321,0.2112,0.2303,38293159.89,8530812.41
1499558400000,"2017-07-09",0.2261,0.2422,0.2259,0.23,14408224.35,3367302.06
1499644800000,"2017-07-10",0.1883,0.2269,0.1707,0.2261,50351764.39,10202148.7
1499731200000,"2017-07-11",0.1778,0.1994,0.1511,0.1883,95617861.07,16492185.1
1499817600000,"2017-07-12",0.1958,0.1971,0.1656,0.1778,46478718.04,8495998.8
1499904000000,"2017-07-13",0.1925,0.2178,0.181,0.1958,39493127.35,7799127.5
1499990400000,"2017-07-14",0.1843,0.1925,0.1717,0.1925,27613040.56,4975616.14
1500076800000,"2017-07-15",0.172,0.1848,0.1707,0.1843,29075769.11,5111050.32
1500163200000,"2017-07-16",0.1461,0.1743,0.1275,0.172,113360772.24,16453626.67
1500249600000,"2017-07-17",0.1723,0.1732,0.1451,0.1461,72614215.27,11566967.48
1500336000000,"2017-07-18",0.1788,0.189,0.1605,0.1723,63603822.64,11136863.67
1500422400000,"2017-07-19",0.163,0.1838,0.1574,0.1788,49720953.56,8558816.89
1500508800000,"2017-07-20",0.1925,0.1962,0.162,0.163,71996154.88,13017266.17
1500595200000,"2017-07-21",0.1835,0.1936,0.1828,0.1925,41424689,7761281.91
1500681600000,"2017-07-22",0.1977,0.2022,0.182,0.1835,44305182.09,8561872.92
1500768000000,"2017-07-23",0.1966,0.2065,0.1873,0.1977,53835587.61,10605349
1500854400000,"2017-07-24",0.1915,0.1984,0.1893,0.1966,23034425.11,4456025.55
1500940800000,"2017-07-25",0.1744,0.1926,0.1658,0.1915,56073100.49,9890837.19
1501027200000,"2017-07-26",0.1723,0.1787,0.1642,0.1744,35121934.71,5998446.97
1501113600000,"2017-07-27",0.1725,0.1756,0.17,0.1723,20972837.57,3627058.25
1501200000000,"2017-07-28",0.1633,0.1738,0.1591,0.1725,32436364.22,5383494.72
1501286400000,"2017-07-29",0.169,0.1704,0.155,0.1633,26290298.75,4233058.32
1501372800000,"2017-07-30",0.1633,0.1709,0.1609,0.169,12870297.62,2120755.56
1501459200000,"2017-07-31",0.1648,0.1689,0.1585,0.1633,24381559.9,3987083.8
1501545600000,"2017-08-01",0.1776,0.1847,0.162,0.1648,72685890.85,12410580.58
1501632000000,"2017-08-02",0.1709,0.1794,0.1676,0.1776,35415418.61,6160970.33
1501718400000,"2017-08-03",0.1748,0.1771,0.1696,0.1709,18496226.7,3208349.93
1501804800000,"2017-08-04",0.1744,0.1767,0.1717,0.1748,21111957.48,3673325.81
1501891200000,"2017-08-05",0.1848,0.1928,0.1719,0.1744,61313332.68,11198088.38
1501977600000,"2017-08-06",0.1802,0.1896,0.1786,0.1848,29473931.65,5419936.45
1502064000000,"2017-08-07",0.1782,0.1828,0.1766,0.1802,31302418.27,5622922.2
1502150400000,"2017-08-08",0.1967,0.1972,0.1772,0.1782,72727683.74,13600183.4
1502236800000,"2017-08-09",0.1841,0.1967,0.1818,0.1967,42018490.26,7855535.32
1502323200000,"2017-08-10",0.1809,0.185,0.1784,0.1841,33717852.12,6147587.33
1502409600000,"2017-08-11",0.1778,0.184,0.1758,0.1809,39330485.5,7048463.78
1502496000000,"2017-08-12",0.1716,0.1825,0.1707,0.1778,40425329.23,7092830.7
1502582400000,"2017-08-13",0.1657,0.1721,0.1587,0.1716,62425261.57,10320750.4
1502668800000,"2017-08-14",0.1683,0.1801,0.1652,0.1657,37651857.4,6437674
1502755200000,"2017-08-15",0.1577,0.1683,0.153,0.1683,65517223.58,10458430.79
1502841600000,"2017-08-16",0.1603,0.1606,0.1489,0.1577,53984030.59,8335191.44
1502928000000,"2017-08-17",0.1578,0.161,0.154,0.1603,39553784.86,6246548.69
1503014400000,"2017-08-18",0.1569,0.1704,0.1518,0.1578,66863175.71,10675897.43
1503100800000,"2017-08-19",0.1526,0.1616,0.1483,0.1569,46139187.71,7065430.14
1503187200000,"2017-08-20",0.1587,0.1611,0.1494,0.1526,33037084.26,5164770.3
1503273600000,"2017-08-21",0.1958,0.2081,0.1523,0.1587,151816465.53,26693972.97
1503360000000,"2017-08-22",0.2421,0.2598,0.1715,0.1958,293308497.27,63274812.45
1503446400000,"2017-08-23",0.2457,0.2977,0.2169,0.2421,339559503.13,91004423.43
1503532800000,"2017-08-24",0.2173,0.2862,0.2124,0.2457,244132769.82,60293466.95
1503619200000,"2017-08-25",0.2167,0.2309,0.2029,0.2173,123298451.02,26684921.15
1503705600000,"2017-08-26",0.2097,0.2308,0.2069,0.2167,58371047.8,12656357.57
1503792000000,"2017-08-27",0.2017,0.2104,0.193,0.2097,68631260.23,13797221.46
1503878400000,"2017-08-28",0.2252,0.242,0.1947,0.2017,181035575.73,39451333.16
1503964800000,"2017-08-29",0.2199,0.2262,0.2125,0.2252,79956256.52,17593049.34
1504051200000,"2017-08-30",0.2319,0.2332,0.2175,0.2199,58581293.07,13197215.61
1504137600000,"2017-08-31",0.2593,0.2648,0.2275,0.2319,102175501.34,24967187.01
1504224000000,"2017-09-01",0.2529,0.2604,0.2444,0.2593,92327995.74,23395578.4
1504310400000,"2017-09-02",0.2252,0.2538,0.2185,0.2529,114845793.39,26604564.86
1504396800000,"2017-09-03",0.2303,0.2381,0.2168,0.2252,71530426.56,16286560.59
1504483200000,"2017-09-04",0.2045,0.2306,0.1901,0.2303,110265036.76,22534210.61
1504569600000,"2017-09-05",0.2168,0.2204,0.1917,0.2045,74188654.46,15405037.13
1504656000000,"2017-09-06",0.2314,0.2329,0.2162,0.2168,62406427.74,14069400.24
1504742400000,"2017-09-07",0.2271,0.2318,0.2216,0.2314,42476785.71,9618400.75
1504828800000,"2017-09-08",0.2122,0.2295,0.2026,0.2271,80226065.9,17117912.82
1504915200000,"2017-09-09",0.213,0.2145,0.2075,0.2122,26343729.76,5570562.79
1505001600000,"2017-09-10",0.2173,0.2243,0.1993,0.213,54938704.57,11568283.12
1505088000000,"2017-09-11",0.2143,0.2216,0.2087,0.2173,42706983.98,9218343.73
1505174400000,"2017-09-12",0.2095,0.2242,0.206,0.2143,52561473.75,11284359.18
1505260800000,"2017-09-13",0.1983,0.2099,0.1904,0.2095,55982675.49,11129429.41
1505347200000,"2017-09-14",0.1711,0.2007,0.1663,0.1983,109965869.52,19799145.62
1505433600000,"2017-09-15",0.1846,0.1917,0.1483,0.1711,151333101.08,26276485.78
1505520000000,"2017-09-16",0.1828,0.1918,0.1741,0.1846,55026386.52,10110436.47
1505606400000,"2017-09-17",0.1814,0.1846,0.1717,0.1828,32692715.19,5842469.29
1505692800000,"2017-09-18",0.1933,0.1946,0.1814,0.1814,62949186.8,11939758.36
1505779200000,"2017-09-19",0.1848,0.1945,0.1831,0.1933,40508429.02,7580781.96
1505865600000,"2017-09-20",0.1817,0.1886,0.1808,0.1848,27751085.68,5124528.77
1505952000000,"2017-09-21",0.171,0.1831,0.1703,0.1817,41362146.7,7328786.34
1506038400000,"2017-09-22",0.1728,0.177,0.1675,0.171,27140948.06,4650917.37
1506124800000,"2017-09-23",0.1791,0.1803,0.1701,0.1728,37391190.29,6619856.13
1506211200000,"2017-09-24",0.1757,0.1799,0.1733,0.1791,15374805.27,2703736.22
1506297600000,"2017-09-25",0.1846,0.1869,0.1748,0.1757,33753363.68,6120293.54
1506384000000,"2017-09-26",0.1892,0.194,0.1809,0.1846,50442495.52,9505462.35
1506470400000,"2017-09-27",0.2099,0.2146,0.1874,0.1892,99140351.37,20430598.88
1506556800000,"2017-09-28",0.2023,0.2102,0.1968,0.2099,67358317.3,13665339.91
1506643200000,"2017-09-29",0.1967,0.2025,0.188,0.2023,54184836.61,10597662.73
1506729600000,"2017-09-30",0.1999,0.2051,0.1955,0.1967,49435827.82,9927019.87
1506816000000,"2017-10-01",0.2083,0.2085,0.1965,0.1999,24422387.67,4883081.39
1506902400000,"2017-10-02",0.2031,0.2092,0.2001,0.2083,35885216.48,7328241.94
1506988800000,"2017-10-03",0.2033,0.2062,0.198,0.2031,29005479.02,5839906.03
1507075200000,"2017-10-04",0.2135,0.217,0.2012,0.2033,67470421.52,14142819.29
1507161600000,"2017-10-05",0.238,0.2442,0.2134,0.2135,158237559.05,36202349.02
1507248000000,"2017-10-06",0.2334,0.2444,0.2332,0.238,94205681.26,22431251.55
1507334400000,"2017-10-07",0.2397,0.2411,0.2324,0.2334,41917758.86,9872421.5
1507420800000,"2017-10-08",0.2799,0.2811,0.2385,0.2397,148095758.24,38550634.49
1507507200000,"2017-10-09",0.2501,0.2802,0.234,0.2799,193728695.41,50199290.42
1507593600000,"2017-10-10",0.2582,0.2666,0.2406,0.2501,101124546.01,25680589.44
1507680000000,"2017-10-11",0.2632,0.2656,0.2553,0.2582,57462883.66,14969602.81
1507766400000,"2017-10-12",0.2464,0.2652,0.2461,0.2632,108852662.71,27832182.82
1507852800000,"2017-10-13",0.2602,0.2651,0.233,0.2464,161979990.12,40101635.08
1507939200000,"2017-10-14",0.2556,0.2685,0.2542,0.2602,118535906.96,30854310.07
1508025600000,"2017-10-15",0.2652,0.2691,0.2482,0.2556,80657865.37,20965294.87
1508112000000,"2017-10-16",0.2579,0.2977,0.2523,0.2652,257302479.65,70795786.78
1508198400000,"2017-10-17",0.2295,0.2654,0.214,0.2579,205001981.95,49254939.22
1508284800000,"2017-10-18",0.217,0.2344,0.2016,0.2295,160949343.77,34877987.83
1508371200000,"2017-10-19",0.2139,0.232,0.2064,0.217,132484676.56,28646038.24
1508457600000,"2017-10-20",0.2082,0.2234,0.2056,0.2141,93321866.42,19864451.41
1508544000000,"2017-10-21",0.2097,0.2107,0.1971,0.2081,72829202.57,14731305.39
1508630400000,"2017-10-22",0.2014,0.2114,0.1954,0.2097,65158096.72,13202451.55
1508716800000,"2017-10-23",0.1917,0.202,0.1845,0.2015,72657922.35,13886013.24
1508803200000,"2017-10-24",0.2038,0.2169,0.183,0.1917,144678217.42,29407955.56
1508889600000,"2017-10-25",0.2023,0.2047,0.1961,0.2038,64768022.21,12952868.83
1508976000000,"2017-10-26",0.2019,0.2046,0.1999,0.2023,24890547.05,5034908.89
1509062400000,"2017-10-27",0.2001,0.2027,0.198,0.2019,16756105.46,3356076.05
1509148800000,"2017-10-28",0.1982,0.2008,0.1974,0.2001,13367326.6,2660885.76
1509235200000,"2017-10-29",0.2015,0.2053,0.1966,0.1981,27095264.56,5441321.33
1509321600000,"2017-10-30",0.2024,0.2044,0.2001,0.2015,21614281.66,4373000.14
1509408000000,"2017-10-31",0.1975,0.2034,0.1975,0.2024,27043667.25,5437568.73
1509494400000,"2017-11-01",0.1903,0.2006,0.1896,0.1975,47448613.26,9269250.28
1509580800000,"2017-11-02",0.2003,0.2065,0.1755,0.191,103212717.82,19532362.03
1509667200000,"2017-11-03",0.2059,0.2263,0.1961,0.2003,147015576.65,30726742.27
1509753600000,"2017-11-04",0.2015,0.2061,0.2001,0.2059,30140417.31,6104463.98
1509840000000,"2017-11-05",0.1997,0.2033,0.1984,0.2014,26944763.85,5405398.96
1509926400000,"2017-11-06",0.2013,0.2067,0.1981,0.1997,43252538.69,8747823.33
1510012800000,"2017-11-07",0.2055,0.2065,0.1993,0.2013,39602621.81,8001067.76
1510099200000,"2017-11-08",0.2167,0.2235,0.2031,0.2055,100569675.08,21290259.15
1510185600000,"2017-11-09",0.2154,0.2218,0.2126,0.2167,79735606.88,17384153.32
1510272000000,"2017-11-10",0.2033,0.2185,0.1988,0.2154,94828370.41,19761606.63
1510358400000,"2017-11-11",0.2092,0.2147,0.2016,0.2033,76561311.72,15862481.91
1510444800000,"2017-11-12",0.1915,0.2094,0.1861,0.2092,212638415.64,41553234.57
1510531200000,"2017-11-13",0.2001,0.2001,0.1906,0.1915,82216620.66,16156188.48
1510617600000,"2017-11-14",0.205,0.2103,0.1995,0.2001,59546806.84,12145669.26
1510704000000,"2017-11-15",0.2083,0.2101,0.2037,0.205,60047732.63,12422123.14
1510790400000,"2017-11-16",0.2269,0.2809,0.2058,0.2083,391424404.27,93968360.41
1510876800000,"2017-11-17",0.2239,0.2376,0.2174,0.227,138204506.25,31261061.68
1510963200000,"2017-11-18",0.2275,0.2293,0.2191,0.2239,69817134.52,15637626.61
1511049600000,"2017-11-19",0.2321,0.237,0.2231,0.2275,88098310.06,20275409.23
1511136000000,"2017-11-20",0.2406,0.2462,0.2315,0.2322,105382518.94,25292860.72
1511222400000,"2017-11-21",0.2318,0.2444,0.2292,0.2409,105169636.84,24827598.13
1511308800000,"2017-11-22",0.2385,0.2417,0.2317,0.2321,88143638.56,20858762.58
1511395200000,"2017-11-23",0.24,0.2503,0.2357,0.2385,126134646.49,30606231.45
1511481600000,"2017-11-24",0.241,0.2443,0.2312,0.24,101011254.5,24064579.25
1511568000000,"2017-11-25",0.2488,0.2531,0.2394,0.241,89796382.42,22171520.3
1511654400000,"2017-11-26",0.245,0.2492,0.2412,0.2489,45849658.62,11230763.66
1511740800000,"2017-11-27",0.247,0.2497,0.2403,0.2445,104909706.63,25793046.5
1511827200000,"2017-11-28",0.2795,0.2806,0.2467,0.247,243886406.42,63810022.09
1511913600000,"2017-11-29",0.2353,0.2797,0.2128,0.2796,286283537.59,73288773.49
1512000000000,"2017-11-30",0.2356,0.2468,0.22,0.2356,153338852.47,35749407.85
1512086400000,"2017-12-01",0.2473,0.2511,0.2259,0.2369,130581576.51,31411210.27
1512172800000,"2017-12-02",0.2441,0.2494,0.2403,0.2473,72003762.03,17678347.76
1512259200000,"2017-12-03",0.2449,0.2586,0.2354,0.2441,114743980.4,28536941.06
1512345600000,"2017-12-04",0.2462,0.2486,0.2354,0.2449,88846578.17,21652453.14
1512432000000,"2017-12-05",0.2337,0.2469,0.2305,0.2462,123300335.79,29479195.06
1512518400000,"2017-12-06",0.2182,0.234,0.2099,0.2337,204253744.97,46216356.3
1512604800000,"2017-12-07",0.2035,0.2197,0.2009,0.2182,208391038.79,43961313.33
1512691200000,"2017-12-08",0.2337,0.253,0.2005,0.2037,389258800.93,90113337.27
1512777600000,"2017-12-09",0.2353,0.2446,0.2295,0.2337,164407089.86,39097628.35
1512864000000,"2017-12-10",0.2271,0.2366,0.2223,0.2353,121544984.41,27890523.48
1512950400000,"2017-12-11",0.2451,0.247,0.227,0.2271,124361471.49,29876877.69
1513036800000,"2017-12-12",0.3555,0.4369,0.2442,0.2451,519231859.46,161843160.58
1513123200000,"2017-12-13",0.4584,0.5006,0.3388,0.3555,841256146.25,377803204.21
1513209600000,"2017-12-14",0.8507,0.8809,0.4527,0.4582,1068868645.03,728341477.02
1513296000000,"2017-12-15",0.7377,0.8523,0.6183,0.8507,677790212.11,505913400.23
1513382400000,"2017-12-16",0.7397,0.8122,0.7177,0.7375,294336071.67,222751214.53
1513468800000,"2017-12-17",0.7114,0.7524,0.7016,0.7397,163695151.68,119074616.08
1513555200000,"2017-12-18",0.7558,0.7912,0.6651,0.7118,301537624.35,219544767.16
1513641600000,"2017-12-19",0.7344,0.8402,0.7019,0.7558,321260039.22,247300691.51
1513728000000,"2017-12-20",0.7144,0.7426,0.6568,0.7344,248357989.89,175104956.82
1513814400000,"2017-12-21",1.12,1.13,0.7128,0.7144,835987496.76,791256236.25
1513900800000,"2017-12-22",1,1.24,0.6203,1.12,932168841.54,899821406.17
1513987200000,"2017-12-23",1.01,1.07,0.9263,1,223612410.71,228659274.81
1514073600000,"2017-12-24",0.9782,1.01,0.8253,1.01,222169274.19,205506213.42
1514160000000,"2017-12-25",0.9805,1.02,0.9236,0.9782,102065500.75,99675911.72
1514246400000,"2017-12-26",1.07,1.09,0.9712,0.9805,130476216.13,133293079.02
1514332800000,"2017-12-27",1.21,1.28,1.07,1.07,366816779.57,426150824.52
1514419200000,"2017-12-28",1.26,1.31,1.1,1.21,286904797.52,346845252.53
1514505600000,"2017-12-29",1.93,1.97,1.25,1.26,664919154.54,1092825146.85
1514592000000,"2017-12-30",1.86,2.44,1.77,1.93,756289917.24,1565228735.26
1514678400000,"2017-12-31",1.98,2.09,1.61,1.86,275180874.46,514273018.98
1514764800000,"2018-01-01",2.05,2.09,1.81,1.98,120735961.19,232757444.9
1514851200000,"2018-01-02",2.19,2.21,1.89,2.05,201990621.19,418605330.49
1514937600000,"2018-01-03",2.73,2.85,2.15,2.19,387508545.77,986250815.39
1515024000000,"2018-01-04",2.73,3.29,2.58,2.73,438911741.95,1299128128.22
1515110400000,"2018-01-05",2.51,3.05,2.24,2.73,381017659.29,1002020058.28
1515196800000,"2018-01-06",2.65,2.85,2.46,2.51,149254652.23,398736590.78
1515283200000,"2018-01-07",2.78,2.82,2.58,2.65,100073167.69,272359641.4
1515369600000,"2018-01-08",2.41,2.78,1.93,2.78,219906513.78,535353427.56
1515456000000,"2018-01-09",2.06,2.5,1.92,2.41,218068486.61,480316287.77
1515542400000,"2018-01-10",1.95,2.13,1.63,2.06,402051172.64,761397002.79
1515628800000,"2018-01-11",1.93,2.24,1.56,1.95,536026777.35,1018947968.35
1515715200000,"2018-01-12",2.02,2.16,1.81,1.93,214634397.57,429715482.31
1515801600000,"2018-01-13",2,2.1,1.96,2.02,95828651.08,194844832.58
1515888000000,"2018-01-14",1.83,2,1.76,2,100450060.49,185909079.46
1515974400000,"2018-01-15",1.66,1.88,1.63,1.83,100124094.28,178452052.26
1516060800000,"2018-01-16",1.15,1.68,0.8696,1.66,770222609.34,970771226.39
1516147200000,"2018-01-17",1.31,1.38,0.8747,1.15,839914218.55,929665358.44
1516233600000,"2018-01-18",1.57,1.73,1.23,1.31,582042803.57,877858800.75
1516320000000,"2018-01-19",1.54,1.68,1.47,1.57,256804571.66,401871655.01
1516406400000,"2018-01-20",1.57,1.63,1.48,1.54,160260912.12,249160785.57
1516492800000,"2018-01-21",1.37,1.57,1.31,1.57,244855942.17,345641735.59
1516579200000,"2018-01-22",1.34,1.42,1.14,1.37,312253325.54,392473700.15
1516665600000,"2018-01-23",1.34,1.44,1.18,1.34,318465843.46,421893589.27
1516752000000,"2018-01-24",1.36,1.42,1.29,1.34,182057633.26,245746147.37
1516838400000,"2018-01-25",1.3,1.38,1.28,1.36,103229051.7,137374141.43
1516924800000,"2018-01-26",1.21,1.32,1.11,1.3,207009867.5,249741656.68
1517011200000,"2018-01-27",1.22,1.24,1.18,1.21,88349387.65,107159051.53
1517097600000,"2018-01-28",1.36,1.39,1.22,1.22,124519387.89,160930675.26
1517184000000,"2018-01-29",1.27,1.37,1.25,1.36,100410405.23,130238546.43
1517270400000,"2018-01-30",1.11,1.27,1.09,1.27,184895032.23,216780181.79
1517356800000,"2018-01-31",1.14,1.15,1.02,1.11,142102672.17,155671720.77
1517443200000,"2018-02-01",0.9503,1.14,0.8958,1.14,245349503.85,243922158.25
1517529600000,"2018-02-02",0.8989,0.961,0.6586,0.9503,619944821.95,516429237.37
1517616000000,"2018-02-03",0.9595,1.02,0.7792,0.8989,280118838.01,257361990.36
1517702400000,"2018-02-04",0.8166,0.9678,0.7793,0.9595,218203549.82,188852901.27
1517788800000,"2018-02-05",0.6805,0.835,0.6392,0.8166,395818020.33,286445005.85
1517875200000,"2018-02-06",0.7619,0.7785,0.5722,0.6805,512930362.9,343075949.03
1517961600000,"2018-02-07",0.7157,0.8132,0.6959,0.7619,220996424.04,167590807.97
1518048000000,"2018-02-08",0.781,0.7887,0.711,0.7157,161054730.61,121529485.93
1518134400000,"2018-02-09",0.9201,0.928,0.7407,0.781,254208548.97,216317336.77
1518220800000,"2018-02-10",1.03,1.23,0.9058,0.9201,556443223.11,581681815.44
1518307200000,"2018-02-11",0.9607,1.04,0.8925,1.03,279928791.85,270280545.61
1518393600000,"2018-02-12",1.04,1.08,0.9574,0.9607,202105878.89,208832351.89
1518480000000,"2018-02-13",0.9866,1.05,0.965,1.04,116762831.78,116730650.44
1518566400000,"2018-02-14",1.13,1.15,0.9807,0.9866,200006530.01,213096441.42
1518652800000,"2018-02-15",1.11,1.14,1.07,1.13,159487401.71,177079070.26
1518739200000,"2018-02-16",1.11,1.12,1.07,1.11,84492699.95,92551967.39
1518825600000,"2018-02-17",1.16,1.2,1.1,1.11,100074078.02,115246130.92
