Date,Value
2018-01-21,7.45
2018-01-20,13.075
2018-01-19,8.53333333333
2018-01-18,13.425
2018-01-17,13.025
2018-01-16,8.48333333333
2018-01-15,7.73333333333
2018-01-14,9.68333333333
2018-01-13,8.16666666667
2018-01-12,11.425
2018-01-11,13.7
2018-01-10,14.375
2018-01-09,14.875
2018-01-08,14.3
2018-01-07,9.76666666667
2018-01-06,9.48333333333
2018-01-05,13.95
2018-01-04,9.55
2018-01-03,7.98333333333
2018-01-02,13.9
2018-01-01,9.13333333333
2017-12-31,10.7
2017-12-30,8.06666666667
2017-12-29,9.8
2017-12-28,8.13333333333
2017-12-27,13.375
2017-12-26,10.5
2017-12-25,10.8666666667
2017-12-24,14.0166666667
2017-12-23,16.5
2017-12-22,10.85
2017-12-21,11.25
2017-12-20,9.9
2017-12-19,11.45
2017-12-18,11.6
2017-12-17,13.05
2017-12-16,13.15
2017-12-15,8.23333333333
2017-12-14,11.525
2017-12-13,13.1
2017-12-12,13.4
2017-12-11,10.4833333333
2017-12-10,11.95
2017-12-09,15.5
2017-12-08,10.3333333333
2017-12-07,12.075
2017-12-06,13.0
2017-12-05,8.63333333333
2017-12-04,8.38333333333
2017-12-03,10.35
2017-12-02,15.2
2017-12-01,17.1
2017-11-30,10.0833333333
2017-11-29,9.96666666667
2017-11-28,13.35
2017-11-27,15.375
2017-11-26,13.025
2017-11-25,9.75
2017-11-24,15.35
2017-11-23,9.03333333333
2017-11-22,13.1
2017-11-21,7.5
2017-11-20,12.375
2017-11-19,11.75
2017-11-18,9.15
2017-11-17,12.55
2017-11-16,18.275
2017-11-15,20.975
2017-11-14,18.6
2017-11-13,27.2666666667
2017-11-12,16.7166666667
2017-11-11,18.05
2017-11-10,10.7833333333
2017-11-09,15.3583333333
2017-11-08,10.7333333333
2017-11-07,12.0166666667
2017-11-06,14.9
2017-11-05,15.5166666667
2017-11-04,18.875
2017-11-03,10.55
2017-11-02,9.81666666667
2017-11-01,15.85
2017-10-31,15.9
2017-10-30,15.7333333333
2017-10-29,22.925
2017-10-28,14.4833333333
2017-10-27,5.83333333333
2017-10-26,12.9
2017-10-25,10.4166666667
2017-10-24,12.45
2017-10-23,8.1
2017-10-22,10.6
2017-10-21,12.125
2017-10-20,14.225
2017-10-19,14.45
2017-10-18,10.1
2017-10-17,12.3
2017-10-16,7.93333333333
2017-10-15,13.1666666667
2017-10-14,17.1
2017-10-13,10.6666666667
2017-10-12,16.9
2017-10-11,10.4333333333
2017-10-10,15.4
2017-10-09,10.75
2017-10-08,8.23333333333
2017-10-07,9.21666666667
2017-10-06,14.5166666667
2017-10-05,15.375
2017-10-04,13.325
2017-10-03,11.65
2017-10-02,15.85
2017-10-01,10.1166666667
2017-09-30,11.0833333333
2017-09-29,11.325
2017-09-28,14.575
2017-09-27,12.2833333333
2017-09-26,11.1666666667
2017-09-25,7.88333333333
2017-09-24,7.93333333333
2017-09-23,14.425
2017-09-22,7.21666666667
2017-09-21,12.5333333333
2017-09-20,19.575
2017-09-19,12.2333333333
2017-09-18,6.98333333333
2017-09-17,11.925
2017-09-16,11.925
2017-09-15,11.85
2017-09-14,6.43333333333
2017-09-13,8.925
2017-09-12,7.73333333333
2017-09-11,12.95
2017-09-10,7.21666666667
2017-09-09,8.33333333333
2017-09-08,11.8
2017-09-07,7.9
2017-09-06,8.825
2017-09-05,11.5
2017-09-04,10.75
2017-09-03,11.025
2017-09-02,11.625
2017-09-01,14.15
2017-08-31,11.35
2017-08-30,15.95
2017-08-29,11.0
2017-08-28,11.0833333333
2017-08-27,20.5166666667
2017-08-26,17.1166666667
2017-08-25,12.65
2017-08-24,12.55
2017-08-23,28.95
2017-08-22,13.8166666667
2017-08-21,11.9333333333
2017-08-20,9.91666666667
2017-08-19,14.425
2017-08-18,8.65
2017-08-17,14.25
2017-08-16,15.05
2017-08-15,17.375
2017-08-14,8.45
2017-08-13,19.4583333333
2017-08-12,11.9333333333
2017-08-11,13.1666666667
2017-08-10,11.7
2017-08-09,12.05
2017-08-08,7.7
2017-08-07,12.425
2017-08-06,10.375
2017-08-05,6.6
2017-08-04,11.1166666667
2017-08-03,12.3
2017-08-02,11.75
2017-08-01,17.225
2017-07-31,12.375
2017-07-30,12.875
2017-07-29,8.23333333333
2017-07-28,8.48333333333
2017-07-27,9.15
2017-07-26,14.525
2017-07-25,10.95
2017-07-24,9.45
2017-07-23,8.03333333333
2017-07-22,18.175
2017-07-21,7.53333333333
2017-07-20,15.3
2017-07-19,13.3
2017-07-18,13.325
2017-07-17,8.03333333333
2017-07-16,19.725
2017-07-15,10.6333333333
2017-07-14,14.125
2017-07-13,11.3
2017-07-12,10.3
2017-07-11,6.41666666667
2017-07-10,14.325
2017-07-09,8.03333333333
2017-07-08,9.75
2017-07-07,14.775
2017-07-06,9.73333333333
2017-07-05,10.1
2017-07-04,7.93333333333
2017-07-03,8.575
2017-07-02,7.11666666667
2017-07-01,11.8833333333
2017-06-30,13.45
2017-06-29,14.25
2017-06-28,19.95
2017-06-27,10.9166666667
2017-06-26,10.2166666667
2017-06-25,14.65
2017-06-24,13.85
2017-06-23,11.9833333333
2017-06-22,20.125
2017-06-21,15.3
2017-06-20,15.475
2017-06-19,10.6166666667
2017-06-18,9.66666666667
2017-06-17,15.7
2017-06-16,11.1333333333
2017-06-15,12.55
2017-06-14,11.4333333333
2017-06-13,13.5
2017-06-12,15.4
2017-06-11,16.075
2017-06-10,15.625
2017-06-09,17.05
2017-06-08,19.3
2017-06-07,16.925
2017-06-06,10.8
2017-06-05,16.575
2017-06-04,11.0333333333
2017-06-03,12.7666666667
2017-06-02,15.075
2017-06-01,16.825
2017-05-31,13.925
2017-05-30,10.7166666667
2017-05-29,9.78333333333
2017-05-28,17.0
2017-05-27,15.3666666667
2017-05-26,11.7
2017-05-25,18.0
2017-05-24,10.7666666667
2017-05-23,11.3666666667
2017-05-22,10.2333333333
2017-05-21,19.325
2017-05-20,11.8833333333
2017-05-19,12.0833333333
2017-05-18,13.9
2017-05-17,13.7
2017-05-16,10.0333333333
2017-05-15,13.2833333333
2017-05-14,13.4833333333
2017-05-13,19.025
2017-05-12,13.85
2017-05-11,17.45
2017-05-10,10.6166666667
2017-05-09,14.275
2017-05-08,15.4
2017-05-07,15.6333333333
2017-05-06,13.25
2017-05-05,11.7666666667
2017-05-04,18.575
2017-05-03,9.73333333333
2017-05-02,14.75
2017-05-01,14.5
2017-04-30,9.86666666667
2017-04-29,13.5
2017-04-28,20.25
2017-04-27,17.975
2017-04-26,24.675
2017-04-25,11.8
2017-04-24,14.3
2017-04-23,14.475
2017-04-22,14.875
2017-04-21,12.15
2017-04-20,11.1166666667
2017-04-19,16.575
2017-04-18,11.8166666667
2017-04-17,9.26666666667
2017-04-16,16.1
2017-04-15,15.9166666667
2017-04-14,13.1833333333
2017-04-13,16.3
2017-04-12,15.55
2017-04-11,15.175
2017-04-10,7.6
2017-04-09,13.65
2017-04-08,15.65
2017-04-07,11.5333333333
2017-04-06,20.625
2017-04-05,11.5833333333
2017-04-04,8.18333333333
2017-04-03,12.625
2017-04-02,21.175
2017-04-01,20.475
2017-03-31,12.2
2017-03-30,19.675
2017-03-29,10.7
2017-03-28,19.425
2017-03-27,7.2
2017-03-26,9.55
2017-03-25,6.75
2017-03-24,10.95
2017-03-23,13.3
2017-03-22,10.3
2017-03-21,11.95
2017-03-20,8.61666666667
2017-03-19,10.4333333333
2017-03-18,9.9
2017-03-17,14.25
2017-03-16,13.7833333333
2017-03-15,15.9
2017-03-14,17.175
2017-03-13,14.375
2017-03-12,15.675
2017-03-11,10.0833333333
2017-03-10,13.2
2017-03-09,13.7666666667
2017-03-08,14.0333333333
2017-03-07,13.8833333333
2017-03-06,12.1166666667
2017-03-05,21.15
2017-03-04,19.95
2017-03-03,23.25
2017-03-02,14.3833333333
2017-03-01,12.55
2017-02-28,12.1666666667
2017-02-27,11.0
2017-02-26,10.6333333333
2017-02-25,20.875
2017-02-24,11.9833333333
2017-02-23,16.1333333333
2017-02-22,12.2833333333
2017-02-21,17.125
2017-02-20,11.5166666667
2017-02-19,10.7666666667
2017-02-18,12.8666666667
2017-02-17,11.6333333333
2017-02-16,19.275
2017-02-15,12.775
2017-02-14,9.26666666667
2017-02-13,13.975
2017-02-12,17.1583333333
2017-02-11,10.4333333333
2017-02-10,16.625
2017-02-09,13.0333333333
2017-02-08,23.875
2017-02-07,18.2833333333
2017-02-06,16.675
2017-02-05,21.35
2017-02-04,16.4666666667
2017-02-03,15.35
2017-02-02,13.475
2017-02-01,23.925
2017-01-31,10.4333333333
2017-01-30,13.025
2017-01-29,16.925
2017-01-28,10.225
2017-01-27,10.2166666667
2017-01-26,12.5666666667
2017-01-25,24.275
2017-01-24,14.475
2017-01-23,9.975
2017-01-22,9.925
2017-01-21,10.9
2017-01-20,10.02
2017-01-19,12.42
2017-01-18,15.14
2017-01-17,12.6
2017-01-16,7.0
2017-01-15,6.83
2017-01-14,8.98
2017-01-13,8.5
2017-01-12,15.27
2017-01-11,10.71
2017-01-10,10.71
2017-01-09,6.63
2017-01-08,10.43
2017-01-07,11.48
2017-01-06,10.91
2017-01-05,10.69
2017-01-04,12.34
2017-01-03,9.81
2017-01-02,10.84
2017-01-01,12.27
2016-12-31,8.5
2016-12-30,14.54
2016-12-29,7.66
2016-12-28,13.02
2016-12-27,13.55
2016-12-26,10.29
2016-12-25,16.32
2016-12-24,12.77
2016-12-23,8.58
2016-12-22,8.78
2016-12-21,10.71
2016-12-20,13.84
2016-12-19,9.83
2016-12-18,15.09
2016-12-17,17.02
2016-12-16,14.9
2016-12-15,9.68
2016-12-14,8.69
2016-12-13,8.69
2016-12-12,6.09
2016-12-11,12.8
2016-12-10,12.28
2016-12-09,8.76
2016-12-08,9.06
2016-12-07,12.53
2016-12-06,9.31
2016-12-05,13.79
2016-12-04,8.41
2016-12-03,29.25
2016-12-02,9.03
2016-12-01,18.45
2016-11-30,9.65
2016-11-29,9.76
2016-11-28,12.65
2016-11-27,13.75
2016-11-26,12.96
2016-11-25,19.27
2016-11-24,20.3
2016-11-23,18.62
2016-11-22,17.3
2016-11-21,11.15
2016-11-20,11.5
2016-11-19,8.98
2016-11-18,9.73
2016-11-17,10.0
2016-11-16,8.08
2016-11-15,11.72
2016-11-14,8.33
2016-11-13,6.46
2016-11-12,6.96
2016-11-11,11.47
2016-11-10,9.3
2016-11-09,12.14
2016-11-08,11.53
2016-11-07,11.04
2016-11-06,8.76
2016-11-05,12.5
2016-11-04,11.69
2016-11-03,8.98
2016-11-02,11.77
2016-11-01,12.89
2016-10-31,8.75
2016-10-30,7.96
2016-10-29,8.19
2016-10-28,12.44
2016-10-27,19.88
2016-10-26,12.15
2016-10-25,9.13
2016-10-24,9.28
2016-10-23,7.9
2016-10-22,6.7
2016-10-21,13.41
2016-10-20,10.25
2016-10-19,9.11
2016-10-18,11.26
2016-10-17,8.28
2016-10-16,10.21
2016-10-15,10.23
2016-10-14,10.06
2016-10-13,9.51
2016-10-12,10.96
2016-10-11,11.25
2016-10-10,7.16
2016-10-09,6.34
2016-10-08,8.65
2016-10-07,8.46
2016-10-06,8.21
2016-10-05,9.21
2016-10-04,8.76
2016-10-03,8.76
2016-10-02,7.68
2016-10-01,9.28
2016-09-30,9.34
2016-09-29,9.05
2016-09-28,7.13
2016-09-27,6.95
2016-09-26,6.06
2016-09-25,7.0
2016-09-24,9.88
2016-09-23,9.55
2016-09-22,6.7
2016-09-21,8.28
2016-09-20,10.96
2016-09-19,7.7
2016-09-18,8.5
2016-09-17,8.8
2016-09-16,8.09
2016-09-15,7.33
2016-09-14,7.86
2016-09-13,6.83
2016-09-12,7.43
2016-09-11,7.21
2016-09-10,9.36
2016-09-09,7.96
2016-09-08,8.15
2016-09-07,8.81
2016-09-06,9.96
2016-09-05,6.03
2016-09-04,10.38
2016-09-03,6.96
2016-09-02,8.01
2016-09-01,8.55
2016-08-31,7.98
2016-08-30,7.33
2016-08-29,7.29
2016-08-28,8.69
2016-08-27,8.96
2016-08-26,9.88
2016-08-25,7.4
2016-08-24,8.68
2016-08-23,7.08
2016-08-22,6.81
2016-08-21,7.36
2016-08-20,9.05
2016-08-19,8.15
2016-08-18,11.36
2016-08-17,10.56
2016-08-16,7.83
2016-08-15,7.25
2016-08-14,8.21
2016-08-13,8.73
2016-08-12,9.73
2016-08-11,8.11
2016-08-10,12.69
2016-08-09,9.81
2016-08-08,8.05
2016-08-07,6.65
2016-08-06,6.91
2016-08-05,7.48
2016-08-04,7.5
2016-08-03,8.33
2016-08-02,8.34
2016-08-01,7.88
2016-07-31,11.41
2016-07-30,10.36
2016-07-29,10.3
2016-07-28,11.63
2016-07-27,10.65
2016-07-26,9.91
2016-07-25,9.98
2016-07-24,9.8
2016-07-23,10.51
2016-07-22,9.78
2016-07-21,8.71
2016-07-20,9.8
2016-07-19,7.95
2016-07-18,7.26
2016-07-17,7.76
2016-07-16,8.98
2016-07-15,9.23
2016-07-14,10.73
2016-07-13,9.26
2016-07-12,7.96
2016-07-11,6.79
2016-07-10,7.68
2016-07-09,9.19
2016-07-08,8.75
2016-07-07,9.56
2016-07-06,8.51
2016-07-05,7.63
2016-07-04,8.25
2016-07-03,8.09
2016-07-02,8.16
2016-07-01,9.43
2016-06-30,9.88
2016-06-29,8.69
2016-06-28,8.91
2016-06-27,7.04
2016-06-26,7.78
2016-06-25,11.25
2016-06-24,9.78
2016-06-23,12.63
2016-06-22,9.56
2016-06-21,8.59
2016-06-20,6.0
2016-06-19,7.75
2016-06-18,9.3
2016-06-17,9.66
2016-06-16,14.13
2016-06-15,12.92
2016-06-14,9.7
2016-06-13,8.25
2016-06-12,7.61
2016-06-11,8.68333333333
2016-06-10,7.08333333333
2016-06-09,7.91666666667
2016-06-08,9.93333333333
2016-06-07,6.51666666667
2016-06-06,6.53333333333
2016-06-05,10.6166666667
2016-06-04,9.63333333333
2016-06-03,9.86666666667
2016-06-02,10.85
2016-06-01,9.51666666667
2016-05-31,9.46666666667
2016-05-30,7.76666666667
2016-05-29,9.11666666667
2016-05-28,11.0166666667
2016-05-27,9.85
2016-05-26,9.9
2016-05-25,8.18333333333
2016-05-24,7.55
2016-05-23,6.75
2016-05-22,8.56666666667
2016-05-21,8.01666666667
2016-05-20,11.6166666667
2016-05-19,9.96666666667
2016-05-18,7.78333333333
2016-05-17,10.9
2016-05-16,8.58333333333
2016-05-15,9.81666666667
2016-05-14,7.96666666667
2016-05-13,8.28333333333
2016-05-12,9.48333333333
2016-05-11,7.83333333333
2016-05-10,7.0
2016-05-09,6.86666666667
2016-05-08,7.93333333333
2016-05-07,6.51666666667
2016-05-06,7.33333333333
2016-05-05,7.35
2016-05-04,7.34166666667
2016-05-03,8.25
2016-05-02,7.55
2016-05-01,7.31666666667
2016-04-30,7.43333333333
2016-04-29,10.0
2016-04-28,10.3666666667
2016-04-27,7.75
2016-04-26,9.68333333333
2016-04-25,8.78333333333
2016-04-24,7.35
2016-04-23,8.6
2016-04-22,7.8
2016-04-21,7.36666666667
2016-04-20,8.11666666667
2016-04-19,8.73333333333
2016-04-18,7.16666666667
2016-04-17,7.96666666667
2016-04-16,8.2
2016-04-15,7.38333333333
2016-04-14,8.15
2016-04-13,7.53333333333
2016-04-12,8.28333333333
2016-04-11,6.23333333333
2016-04-10,7.03333333333
2016-04-09,7.8
2016-04-08,9.05
2016-04-07,7.26666666667
2016-04-06,8.63333333333
2016-04-05,6.96666666667
2016-04-04,8.31666666667
2016-04-03,10.6333333333
2016-04-02,8.63333333333
2016-04-01,9.31666666667
2016-03-31,8.5
2016-03-30,7.0
2016-03-29,9.2
2016-03-28,7.28333333333
2016-03-27,7.76666666667
2016-03-26,7.26666666667
2016-03-25,7.86666666667
2016-03-24,7.65
2016-03-23,7.26666666667
2016-03-22,9.16666666667
2016-03-21,7.61666666667
2016-03-20,8.05
2016-03-19,8.81666666667
2016-03-18,7.7
2016-03-17,7.1
2016-03-16,7.1
2016-03-15,8.4
2016-03-14,7.6
2016-03-13,7.16666666667
2016-03-12,7.15
2016-03-11,6.83333333333
2016-03-10,8.21666666667
2016-03-09,8.5
2016-03-08,7.35
2016-03-07,8.76666666667
2016-03-06,8.33333333333
2016-03-05,9.56666666667
2016-03-04,10.8
2016-03-03,9.98333333333
2016-03-02,12.4166666667
2016-03-01,11.4166666667
2016-02-29,8.95
2016-02-28,8.55
2016-02-27,7.46666666667
2016-02-26,8.96666666667
2016-02-25,9.83333333333
2016-02-24,9.16666666667
2016-02-23,10.4
2016-02-22,9.91666666667
2016-02-21,7.9
2016-02-20,9.23333333333
2016-02-19,5.93333333333
2016-02-18,9.5
2016-02-17,8.65
2016-02-16,8.23333333333
2016-02-15,6.21666666667
2016-02-14,7.65
2016-02-13,7.1
2016-02-12,5.98333333333
2016-02-11,7.26666666667
2016-02-10,8.31666666667
2016-02-09,7.73333333333
2016-02-08,6.83333333333
2016-02-07,6.51666666667
2016-02-06,6.16666666667
2016-02-05,6.88333333333
2016-02-04,7.48333333333
2016-02-03,8.66666666667
2016-02-02,8.55
2016-02-01,6.81666666667
2016-01-31,7.25
2016-01-30,7.05
2016-01-29,9.55
2016-01-28,7.66666666667
2016-01-27,8.51666666667
2016-01-26,6.9
2016-01-25,8.03333333333
2016-01-24,6.48333333333
2016-01-23,8.33333333333
2016-01-22,9.16666666667
2016-01-21,8.58333333333
2016-01-20,8.31666666667
2016-01-19,5.95
2016-01-18,8.43333333333
2016-01-17,9.3
2016-01-16,10.5
2016-01-15,8.88333333333
2016-01-14,7.45
2016-01-13,6.73333333333
2016-01-12,6.7
2016-01-11,6.68333333333
2016-01-10,7.21666666667
2016-01-09,7.21666666667
2016-01-08,10.0
2016-01-07,9.45
2016-01-06,6.73333333333
2016-01-05,6.38333333333
2016-01-04,7.13333333333
2016-01-03,10.0333333333
2016-01-02,7.78333333333
2016-01-01,7.43333333333
2015-12-31,7.08333333333
2015-12-30,8.41666666667
2015-12-29,7.11666666667
2015-12-28,6.01666666667
2015-12-27,6.06666666667
2015-12-26,8.53333333333
2015-12-25,9.11666666667
2015-12-24,7.86666666667
2015-12-23,8.45
2015-12-22,7.68333333333
2015-12-21,6.41666666667
2015-12-20,7.8
2015-12-19,7.46666666667
2015-12-18,7.65
2015-12-17,7.53333333333
2015-12-16,6.18333333333
2015-12-15,7.91666666667
2015-12-14,8.45
2015-12-13,8.45
2015-12-12,7.93333333333
2015-12-11,6.8
2015-12-10,6.41666666667
2015-12-09,7.78333333333
2015-12-08,8.03333333333
2015-12-07,8.03333333333
2015-12-06,7.3
2015-12-05,8.93333333333
2015-12-04,8.8
2015-12-03,8.36666666667
2015-12-02,6.76666666667
2015-12-01,11.2166666667
2015-11-30,7.71666666667
2015-11-29,8.3
2015-11-28,8.85
2015-11-27,8.23333333333
2015-11-26,7.21666666667
2015-11-25,8.71666666667
2015-11-24,8.4
2015-11-23,7.03333333333
2015-11-22,7.25
2015-11-21,7.525
2015-11-20,10.5
2015-11-19,8.93333333333
2015-11-18,8.18333333333
2015-11-17,7.03333333333
2015-11-16,8.11666666667
2015-11-15,9.33333333333
2015-11-14,7.76666666667
2015-11-13,8.51666666667
2015-11-12,7.68333333333
2015-11-11,9.16666666667
2015-11-10,8.55
2015-11-09,8.71666666667
2015-11-08,8.81666666667
2015-11-07,9.2
2015-11-06,7.76666666667
2015-11-05,9.88333333333
2015-11-04,7.48333333333
2015-11-03,8.4
2015-11-02,8.5
2015-11-01,7.38333333333
2015-10-31,6.9
2015-10-30,7.61666666667
2015-10-29,10.15
2015-10-28,7.38333333333
2015-10-27,7.01666666667
2015-10-26,8.41666666667
2015-10-25,8.36666666667
2015-10-24,7.8
2015-10-23,8.13333333333
2015-10-22,8.98333333333
2015-10-21,9.61666666667
2015-10-20,7.7
2015-10-19,7.7
2015-10-18,8.68333333333
2015-10-17,8.88333333333
2015-10-16,7.25
2015-10-15,7.41666666667
2015-10-14,8.05
2015-10-13,9.56666666667
2015-10-12,9.55
2015-10-11,7.36666666667
2015-10-10,7.9
2015-10-09,11.5833333333
2015-10-08,9.01666666667
2015-10-07,10.9833333333
2015-10-06,7.78333333333
2015-10-05,7.73333333333
2015-10-04,7.96666666667
2015-10-03,7.9
2015-10-02,8.0
2015-10-01,7.86666666667
2015-09-30,8.03333333333
2015-09-29,6.56666666667
2015-09-28,7.9
2015-09-27,7.58333333333
2015-09-26,7.75
2015-09-25,8.15
2015-09-24,8.2
2015-09-23,6.75
2015-09-22,8.78333333333
2015-09-21,9.56666666667
2015-09-20,8.75
2015-09-19,8.1
2015-09-18,9.21666666667
2015-09-17,7.8
2015-09-16,7.0
2015-09-15,8.1
2015-09-14,9.23333333333
2015-09-13,9.63333333333
2015-09-12,7.41666666667
2015-09-11,6.78333333333
2015-09-10,8.91666666667
2015-09-09,8.85
2015-09-08,8.03333333333
2015-09-07,7.65
2015-09-06,8.18333333333
2015-09-05,7.25
2015-09-04,10.75
2015-09-03,12.3
2015-09-02,7.26666666667
2015-09-01,7.23333333333
2015-08-31,8.45833333333
2015-08-30,7.46666666667
2015-08-29,7.81666666667
2015-08-28,8.1
2015-08-27,7.98333333333
2015-08-26,9.78333333333
2015-08-25,7.8
2015-08-24,8.96666666667
2015-08-23,7.75
2015-08-22,7.58333333333
2015-08-21,8.48333333333
2015-08-20,7.78333333333
2015-08-19,8.43333333333
2015-08-18,7.28333333333
2015-08-17,7.45
2015-08-16,7.45
2015-08-15,9.38333333333
2015-08-14,8.5
2015-08-13,8.78333333333
2015-08-12,9.18333333333
2015-08-11,7.13333333333
2015-08-10,6.36666666667
2015-08-09,8.08333333333
2015-08-08,7.71666666667
2015-08-07,8.3
2015-08-06,9.05
2015-08-05,11.5666666667
2015-08-04,8.96666666667
2015-08-03,8.0
2015-08-02,7.41666666667
2015-08-01,7.91666666667
2015-07-31,9.43333333333
2015-07-30,9.65
2015-07-29,10.1
2015-07-28,8.0
2015-07-27,8.41666666667
2015-07-26,8.2
2015-07-25,8.53333333333
2015-07-24,6.81666666667
2015-07-23,7.38333333333
2015-07-22,8.6
2015-07-21,8.3
2015-07-20,7.33333333333
2015-07-19,8.01666666667
2015-07-18,7.76666666667
2015-07-17,8.43333333333
2015-07-16,8.58333333333
2015-07-15,7.58333333333
2015-07-14,9.28333333333
2015-07-13,8.88333333333
2015-07-12,9.75
2015-07-11,9.31666666667
2015-07-10,11.5166666667
2015-07-09,8.71666666667
2015-07-08,11.0
2015-07-07,8.55
2015-07-06,6.9
2015-07-05,8.75
2015-07-04,7.33333333333
2015-07-03,7.48333333333
2015-07-02,8.28333333333
2015-07-01,8.86666666667
2015-06-30,9.08333333333
2015-06-29,9.18333333333
2015-06-28,8.15
2015-06-27,8.73333333333
2015-06-26,7.78333333333
2015-06-25,7.06666666667
2015-06-24,7.8
2015-06-23,8.81666666667
2015-06-22,9.23333333333
2015-06-21,9.41666666667
2015-06-20,8.28333333333
2015-06-19,7.41666666667
2015-06-18,7.48333333333
2015-06-17,8.21666666667
2015-06-16,9.95
2015-06-15,7.68333333333
2015-06-14,7.58333333333
2015-06-13,7.4
2015-06-12,8.86666666667
2015-06-11,7.31666666667
2015-06-10,7.7
2015-06-09,6.7
2015-06-08,8.21666666667
2015-06-07,7.5
2015-06-06,8.06666666667
2015-06-05,8.4
2015-06-04,9.05
2015-06-03,8.43333333333
2015-06-02,7.85
2015-06-01,8.48333333333
2015-05-31,7.5
2015-05-30,9.31666666667
2015-05-29,7.61666666667
2015-05-28,7.71666666667
2015-05-27,7.83333333333
2015-05-26,8.95
2015-05-25,7.93333333333
2015-05-24,8.0
2015-05-23,9.3
2015-05-22,8.08333333333
2015-05-21,7.65
2015-05-20,7.91666666667
2015-05-19,8.06666666667
2015-05-18,7.71666666667
2015-05-17,6.4
2015-05-16,8.45
2015-05-15,7.66666666667
2015-05-14,7.7
2015-05-13,7.45
2015-05-12,7.55
2015-05-11,8.03333333333
2015-05-10,8.93333333333
2015-05-09,9.46666666667
2015-05-08,7.25
2015-05-07,6.81666666667
2015-05-06,8.58333333333
2015-05-05,7.85
2015-05-04,9.06666666667
2015-05-03,7.38333333333
2015-05-02,8.0
2015-05-01,8.36666666667
2015-04-30,8.46666666667
2015-04-29,9.06666666667
2015-04-28,7.35
2015-04-27,7.91666666667
2015-04-26,7.5
2015-04-25,8.11666666667
2015-04-24,9.16666666667
2015-04-23,7.8
2015-04-22,8.46666666667
2015-04-21,7.9
2015-04-20,7.41666666667
2015-04-19,7.7
2015-04-18,9.41666666667
2015-04-17,8.35
2015-04-16,8.41666666667
2015-04-15,8.11666666667
2015-04-14,6.08333333333
2015-04-13,7.46666666667
2015-04-12,8.18333333333
2015-04-11,7.4
2015-04-10,8.63333333333
2015-04-09,7.86666666667
2015-04-08,9.8
2015-04-07,7.06666666667
2015-04-06,9.46666666667
2015-04-05,7.55
2015-04-04,7.60833333333
2015-04-03,7.85
2015-04-02,7.16666666667
2015-04-01,8.18333333333
2015-03-31,7.8
2015-03-30,7.95
2015-03-29,7.3
2015-03-28,7.88333333333
2015-03-27,7.0
2015-03-26,7.61666666667
2015-03-25,6.4
2015-03-24,6.85
2015-03-23,7.26666666667
2015-03-22,7.78333333333
2015-03-21,8.53333333333
2015-03-20,7.75
2015-03-19,8.16666666667
2015-03-18,8.01666666667
2015-03-17,7.45
2015-03-16,8.98333333333
2015-03-15,7.53333333333
2015-03-14,8.15
2015-03-13,7.56666666667
2015-03-12,8.91666666667
2015-03-11,7.2
2015-03-10,8.08333333333
2015-03-09,8.88333333333
2015-03-08,7.95
2015-03-07,9.2
2015-03-06,7.41666666667
2015-03-05,10.5166666667
2015-03-04,7.21666666667
2015-03-03,8.1
2015-03-02,7.46666666667
2015-03-01,7.73333333333
2015-02-28,9.95
2015-02-27,7.56666666667
2015-02-26,8.63333333333
2015-02-25,7.06666666667
2015-02-24,8.8
2015-02-23,9.15
2015-02-22,7.83333333333
2015-02-21,8.85
2015-02-20,7.36666666667
2015-02-19,7.21666666667
2015-02-18,6.71666666667
2015-02-17,7.73333333333
2015-02-16,7.36666666667
2015-02-15,8.15
2015-02-14,7.65
2015-02-13,8.3
2015-02-12,7.75
2015-02-11,7.68333333333
2015-02-10,7.7
2015-02-09,8.06666666667
2015-02-08,9.21666666667
2015-02-07,7.05
2015-02-06,7.03333333333
2015-02-05,7.48333333333
2015-02-04,7.3
2015-02-03,9.06666666667
2015-02-02,8.46666666667
2015-02-01,6.5
2015-01-31,8.28333333333
2015-01-30,9.31666666667
2015-01-29,6.83333333333
2015-01-28,6.95
2015-01-27,8.05
2015-01-26,10.2666666667
2015-01-25,9.03333333333
2015-01-24,9.48333333333
2015-01-23,9.11666666667
2015-01-22,8.33333333333
2015-01-21,9.8
2015-01-20,9.63333333333
2015-01-19,7.85
2015-01-18,8.13333333333
2015-01-17,8.43333333333
2015-01-16,8.2
2015-01-15,8.41666666667
2015-01-14,8.46666666667
2015-01-13,10.95
2015-01-12,7.1
2015-01-11,8.9
2015-01-10,8.61666666667
2015-01-09,7.46666666667
2015-01-08,9.71666666667
2015-01-07,7.43333333333
2015-01-06,7.63333333333
2015-01-05,6.81666666667
2015-01-04,8.03333333333
2015-01-03,6.43333333333
2015-01-02,6.93333333333
2015-01-01,7.15
2014-12-31,7.8
2014-12-30,7.9
2014-12-29,6.81666666667
2014-12-28,7.16666666667
2014-12-27,7.55
2014-12-26,7.55
2014-12-25,6.48333333333
2014-12-24,7.21666666667
2014-12-23,7.51666666667
2014-12-22,9.3
2014-12-21,8.08333333333
2014-12-20,7.83333333333
2014-12-19,10.7
2014-12-18,8.61666666667
2014-12-17,8.9
2014-12-16,8.48333333333
2014-12-15,7.71666666667
2014-12-14,9.38333333333
2014-12-13,8.95
2014-12-12,7.9
2014-12-11,8.9
2014-12-10,7.05
2014-12-09,8.66666666667
2014-12-08,8.25
2014-12-07,9.46666666667
2014-12-06,8.06666666667
2014-12-05,7.08333333333
2014-12-04,8.4
2014-12-03,9.15
2014-12-02,9.56666666667
2014-12-01,8.3
2014-11-30,7.51666666667
2014-11-29,7.81666666667
2014-11-28,8.55
2014-11-27,8.01666666667
2014-11-26,8.03333333333
2014-11-25,9.05
2014-11-24,7.2
2014-11-23,8.91666666667
2014-11-22,7.25
2014-11-21,8.26666666667
2014-11-20,8.03333333333
2014-11-19,7.51666666667
2014-11-18,8.0
2014-11-17,7.5
2014-11-16,8.3
2014-11-15,7.11666666667
2014-11-14,7.58333333333
2014-11-13,7.95
2014-11-12,8.08333333333
2014-11-11,8.48333333333
2014-11-10,7.18333333333
2014-11-09,8.21666666667
2014-11-08,7.01666666667
2014-11-07,7.88333333333
2014-11-06,8.55
2014-11-05,7.2
2014-11-04,6.56666666667
2014-11-03,6.81666666667
2014-11-02,7.11666666667
2014-11-01,6.58333333333
2014-10-31,5.95
2014-10-30,6.63333333333
2014-10-29,7.81666666667
2014-10-28,7.21666666667
2014-10-27,7.23333333333
2014-10-26,8.71666666667
2014-10-25,7.78333333333
2014-10-24,6.75
2014-10-23,7.58333333333
2014-10-22,6.75
2014-10-21,8.5
2014-10-20,8.08333333333
2014-10-19,8.3
2014-10-18,7.25
2014-10-17,8.28333333333
2014-10-16,7.01666666667
2014-10-15,7.51666666667
2014-10-14,7.36666666667
2014-10-13,7.78333333333
2014-10-12,8.28333333333
2014-10-11,8.15
2014-10-10,7.15
2014-10-09,8.83333333333
2014-10-08,8.68333333333
2014-10-07,7.03333333333
2014-10-06,7.26666666667
2014-10-05,6.28333333333
2014-10-04,8.21666666667
2014-10-03,7.56666666667
2014-10-02,7.68333333333
2014-10-01,7.75
2014-09-30,7.5
2014-09-29,8.2
2014-09-28,7.58333333333
2014-09-27,8.2
2014-09-26,7.25
2014-09-25,7.3
2014-09-24,7.28333333333
2014-09-23,7.4
2014-09-22,6.73333333333
2014-09-21,6.38333333333
2014-09-20,6.55
2014-09-19,7.78333333333
2014-09-18,5.95
2014-09-17,6.0
2014-09-16,7.1
2014-09-15,7.33333333333
2014-09-14,7.5
2014-09-13,6.23333333333
2014-09-12,7.56666666667
2014-09-11,6.65
2014-09-10,6.98333333333
2014-09-09,8.6
2014-09-08,7.85
2014-09-07,7.46666666667
2014-09-06,7.25
2014-09-05,6.86666666667
2014-09-04,7.41666666667
2014-09-03,7.15
2014-09-02,8.1
2014-09-01,8.45
2014-08-31,6.25
2014-08-30,6.08333333333
2014-08-29,6.85
2014-08-28,6.21666666667
2014-08-27,6.56666666667
2014-08-26,6.81666666667
2014-08-25,8.35
2014-08-24,6.96666666667
2014-08-23,7.05
2014-08-22,7.0
2014-08-21,6.66666666667
2014-08-20,7.15
2014-08-19,5.88333333333
2014-08-18,5.98333333333
2014-08-17,7.08333333333
2014-08-16,6.93333333333
2014-08-15,6.75
2014-08-14,6.98333333333
2014-08-13,7.61666666667
2014-08-12,6.4
2014-08-11,6.38333333333
2014-08-10,6.68333333333
2014-08-09,7.33333333333
2014-08-08,6.56666666667
2014-08-07,7.16666666667
2014-08-06,7.65
2014-08-05,9.23333333333
2014-08-04,7.78333333333
2014-08-03,7.85
2014-08-02,6.06666666667
2014-08-01,7.6
2014-07-31,8.05
2014-07-30,6.85
2014-07-29,7.43333333333
2014-07-28,8.41666666667
2014-07-27,7.51666666667
2014-07-26,7.68333333333
2014-07-25,7.18333333333
2014-07-24,7.5
2014-07-23,8.03333333333
2014-07-22,7.85
2014-07-21,7.73333333333
2014-07-20,6.33333333333
2014-07-19,6.75
2014-07-18,7.58333333333
2014-07-17,6.46666666667
2014-07-16,6.75
2014-07-15,8.4
2014-07-14,6.96666666667
2014-07-13,7.41666666667
2014-07-12,6.28333333333
2014-07-11,7.8
2014-07-10,7.81666666667
2014-07-09,7.4
2014-07-08,7.1
2014-07-07,8.16666666667
2014-07-06,7.85
2014-07-05,7.96666666667
2014-07-04,7.36666666667
2014-07-03,8.16666666667
2014-07-02,8.26666666667
2014-07-01,8.31666666667
2014-06-30,9.3
2014-06-29,6.71666666667
2014-06-28,5.58333333333
2014-06-27,6.0
2014-06-26,6.21666666667
2014-06-25,5.75
2014-06-24,6.01666666667
2014-06-23,8.25
2014-06-22,5.9
2014-06-21,5.88333333333
2014-06-20,5.71666666667
2014-06-19,8.11666666667
2014-06-18,6.5
2014-06-17,6.38333333333
2014-06-16,5.8
2014-06-15,6.26666666667
2014-06-14,6.96666666667
2014-06-13,7.35
2014-06-12,7.71666666667
2014-06-11,7.8
2014-06-10,6.75
2014-06-09,8.93333333333
2014-06-08,7.36666666667
2014-06-07,7.25
2014-06-06,7.41666666667
2014-06-05,7.76666666667
2014-06-04,6.43333333333
2014-06-03,5.98333333333
2014-06-02,6.86666666667
2014-06-01,6.63333333333
2014-05-31,7.5
2014-05-30,7.38333333333
2014-05-29,7.83333333333
2014-05-28,6.93333333333
2014-05-27,8.26666666667
2014-05-26,7.38333333333
2014-05-25,8.46666666667
2014-05-24,7.35
2014-05-23,6.93333333333
2014-05-22,7.45
2014-05-21,6.53333333333
2014-05-20,6.83333333333
2014-05-19,6.53333333333
2014-05-18,7.18333333333
2014-05-17,7.1
2014-05-16,6.26666666667
2014-05-15,7.5
2014-05-14,7.4
2014-05-13,7.0
2014-05-12,7.76666666667
2014-05-11,7.85
2014-05-10,6.63333333333
2014-05-09,7.6
2014-05-08,8.13333333333
2014-05-07,7.98333333333
2014-05-06,7.0
2014-05-05,8.36666666667
2014-05-04,7.63333333333
2014-05-03,8.21666666667
2014-05-02,6.96666666667
2014-05-01,7.65
2014-04-30,7.66666666667
2014-04-29,8.16666666667
2014-04-28,7.58333333333
2014-04-27,8.2
2014-04-26,7.06666666667
2014-04-25,8.0
2014-04-24,9.28333333333
2014-04-23,7.6
2014-04-22,8.55
2014-04-21,7.15
2014-04-20,7.9
2014-04-19,8.13333333333
2014-04-18,9.38333333333
2014-04-17,7.0
2014-04-16,8.93333333333
2014-04-15,6.43333333333
2014-04-14,6.78333333333
2014-04-13,7.0
2014-04-12,7.28333333333
2014-04-11,9.01666666667
2014-04-10,7.48333333333
2014-04-09,8.21666666667
2014-04-08,8.06666666667
2014-04-07,9.1
2014-04-06,9.26666666667
2014-04-05,6.33333333333
2014-04-04,5.46666666667
2014-04-03,5.83333333333
2014-04-02,6.8
2014-04-01,7.23333333333
2014-03-31,7.91666666667
2014-03-30,7.7
2014-03-29,7.25
2014-03-28,7.13333333333
2014-03-27,7.6
2014-03-26,8.26666666667
2014-03-25,8.66666666667
2014-03-24,6.65
2014-03-23,6.31666666667
2014-03-22,6.8
2014-03-21,7.11666666667
2014-03-20,7.91666666667
2014-03-19,8.11666666667
2014-03-18,8.01666666667
2014-03-17,11.4
2014-03-16,14.8666666667
2014-03-15,10.7333333333
2014-03-14,12.4333333333
2014-03-13,13.5666666667
2014-03-12,11.2666666667
2014-03-11,8.0
2014-03-10,8.23333333333
2014-03-09,7.08333333333
2014-03-08,6.21666666667
2014-03-07,7.2
2014-03-06,7.93333333333
2014-03-05,8.55
2014-03-04,10.85
2014-03-03,8.98333333333
2014-03-02,7.96666666667
2014-03-01,10.0
2014-02-28,6.98333333333
2014-02-27,7.06666666667
2014-02-26,7.91666666667
2014-02-25,8.0
2014-02-24,7.4
2014-02-23,7.1
2014-02-22,8.21666666667
2014-02-21,7.95
2014-02-20,8.41666666667
2014-02-19,7.06666666667
2014-02-18,8.4
2014-02-17,8.25
2014-02-16,6.55
2014-02-15,7.43333333333
2014-02-14,6.63333333333
2014-02-13,8.23333333333
2014-02-12,7.36666666667
2014-02-11,7.23333333333
2014-02-10,8.16666666667
2014-02-09,7.93333333333
2014-02-08,8.35
2014-02-07,7.98333333333
2014-02-06,7.55
2014-02-05,7.91666666667
2014-02-04,8.41666666667
2014-02-03,6.66666666667
2014-02-02,7.01666666667
2014-02-01,7.21666666667
2014-01-31,7.38333333333
2014-01-30,8.45
2014-01-29,8.15
2014-01-28,8.9
2014-01-27,8.8
2014-01-26,8.05
2014-01-25,9.45
2014-01-24,7.25
2014-01-23,8.93333333333
2014-01-22,7.8
2014-01-21,7.25
2014-01-20,6.58333333333
2014-01-19,6.7
2014-01-18,8.03333333333
2014-01-17,8.48333333333
2014-01-16,6.25
2014-01-15,7.43333333333
2014-01-14,8.01666666667
2014-01-13,6.11666666667
2014-01-12,6.78333333333
2014-01-11,5.71666666667
2014-01-10,6.63333333333
2014-01-09,7.43333333333
2014-01-08,6.21666666667
2014-01-07,6.71666666667
2014-01-06,8.0
2014-01-05,7.06666666667
2014-01-04,8.95
2014-01-03,8.95
2014-01-02,8.96666666667
2014-01-01,6.46666666667
2013-12-31,7.31666666667
2013-12-30,7.0
2013-12-29,8.76666666667
2013-12-28,7.88333333333
2013-12-27,7.41666666667
2013-12-26,6.61666666667
2013-12-25,6.93333333333
2013-12-24,8.05
2013-12-23,8.75
2013-12-22,7.86666666667
2013-12-21,8.68333333333
2013-12-20,6.15
2013-12-19,5.76666666667
2013-12-18,6.6
2013-12-17,6.28333333333
2013-12-16,6.48333333333
2013-12-15,7.15
2013-12-14,6.48333333333
2013-12-13,7.43333333333
2013-12-12,7.41666666667
2013-12-11,7.73333333333
2013-12-10,6.6
2013-12-09,6.06666666667
2013-12-08,7.11666666667
2013-12-07,7.21666666667
2013-12-06,6.65
2013-12-05,7.56666666667
2013-12-04,7.23333333333
2013-12-03,8.35
2013-12-02,8.85
2013-12-01,6.18333333333
2013-11-30,9.1
2013-11-29,7.55
2013-11-28,8.01666666667
2013-11-27,8.4
2013-11-26,7.78333333333
2013-11-25,7.66666666667
2013-11-24,6.55
2013-11-23,8.05
2013-11-22,8.25
2013-11-21,10.3833333333
2013-11-20,8.58333333333
2013-11-19,10.3833333333
2013-11-18,9.15
2013-11-17,7.2
2013-11-16,7.18333333333
2013-11-15,7.81666666667
2013-11-14,8.26666666667
2013-11-13,6.53333333333
2013-11-12,6.25
2013-11-11,6.2
2013-11-10,6.55
2013-11-09,8.18333333333
2013-11-08,10.1333333333
2013-11-07,8.33333333333
2013-11-06,7.31666666667
2013-11-05,7.6
2013-11-04,6.13333333333
2013-11-03,6.08333333333
2013-11-02,5.75
2013-11-01,6.45
2013-10-31,5.7
2013-10-30,5.68333333333
2013-10-29,7.23333333333
2013-10-28,6.58333333333
2013-10-27,7.48333333333
2013-10-26,6.5
2013-10-25,5.46666666667
2013-10-24,6.06666666667
2013-10-23,5.95
2013-10-22,4.88333333333
2013-10-21,5.96666666667
2013-10-20,5.5
2013-10-19,5.7
2013-10-18,6.56666666667
2013-10-17,6.71666666667
2013-10-16,5.33333333333
2013-10-15,4.96666666667
2013-10-14,4.6
2013-10-13,4.76666666667
2013-10-12,5.86666666667
2013-10-11,6.88333333333
2013-10-10,5.65
2013-10-09,6.51666666667
2013-10-08,6.96666666667
2013-10-07,7.26666666667
2013-10-06,5.45
2013-10-05,6.26666666667
2013-10-04,6.78333333333
2013-10-03,6.18333333333
2013-10-02,7.13333333333
2013-10-01,6.15
2013-09-30,6.53333333333
2013-09-29,6.26666666667
2013-09-28,7.21666666667
2013-09-27,7.41666666667
2013-09-26,7.31666666667
2013-09-25,5.65
2013-09-24,6.18333333333
2013-09-23,5.11666666667
2013-09-22,5.63333333333
2013-09-21,6.26666666667
2013-09-20,6.0
2013-09-19,6.11666666667
2013-09-18,8.68333333333
2013-09-17,7.3
2013-09-16,7.23333333333
2013-09-15,6.46666666667
2013-09-14,5.63333333333
2013-09-13,5.61666666667
2013-09-12,5.4
2013-09-11,5.75
2013-09-10,7.0
2013-09-09,6.13333333333
2013-09-08,8.1
2013-09-07,7.65
2013-09-06,5.78333333333
2013-09-05,7.05
2013-09-04,6.65
2013-09-03,6.35
2013-09-02,4.58333333333
2013-09-01,5.11666666667
2013-08-31,6.55
2013-08-30,6.15
2013-08-29,5.93333333333
2013-08-28,7.01666666667
2013-08-27,7.61666666667
2013-08-26,7.75
2013-08-25,8.28333333333
2013-08-24,5.96666666667
2013-08-23,5.68333333333
2013-08-22,5.63333333333
2013-08-21,5.2
2013-08-20,6.6
2013-08-19,7.11666666667
2013-08-18,6.11666666667
2013-08-17,5.83333333333
2013-08-16,7.21666666667
2013-08-15,7.16666666667
2013-08-14,8.41666666667
2013-08-13,6.15
2013-08-12,5.25
2013-08-11,5.2
2013-08-10,5.61666666667
2013-08-09,5.8
2013-08-08,6.35
2013-08-07,6.65
2013-08-06,6.21666666667
2013-08-05,6.6
2013-08-04,6.75
2013-08-03,6.73333333333
2013-08-02,6.33333333333
2013-08-01,6.85
2013-07-31,6.31666666667
2013-07-30,6.35
2013-07-29,8.2
2013-07-28,7.63333333333
2013-07-27,7.88333333333
2013-07-26,7.01666666667
2013-07-25,9.33333333333
2013-07-24,8.35
2013-07-23,9.25
2013-07-22,7.0
2013-07-21,6.93333333333
2013-07-20,7.0
2013-07-19,7.25
2013-07-18,6.81666666667
2013-07-17,7.7
2013-07-16,8.41666666667
2013-07-15,7.41666666667
2013-07-14,7.65
2013-07-13,9.58333333333
2013-07-12,8.58333333333
2013-07-11,7.06666666667
2013-07-10,7.6
2013-07-09,5.93333333333
2013-07-08,6.98333333333
2013-07-07,6.73333333333
2013-07-06,6.83333333333
2013-07-05,7.35
2013-07-04,7.18333333333
2013-07-03,7.56666666667
2013-07-02,8.65
2013-07-01,7.8
2013-06-30,8.93333333333
2013-06-29,8.61666666667
2013-06-28,7.61666666667
2013-06-27,8.61666666667
2013-06-26,7.25
2013-06-25,7.91666666667
2013-06-24,10.0833333333
2013-06-23,8.71666666667
2013-06-22,7.95
2013-06-21,9.43333333333
2013-06-20,10.6666666667
2013-06-19,12.1
2013-06-18,8.9
2013-06-17,7.8
2013-06-16,6.51666666667
2013-06-15,7.4
2013-06-14,7.76666666667
2013-06-13,5.88333333333
2013-06-12,6.43333333333
2013-06-11,7.26666666667
2013-06-10,7.05
2013-06-09,7.66666666667
2013-06-08,6.7
2013-06-07,7.71666666667
2013-06-06,8.23333333333
2013-06-05,6.06666666667
2013-06-04,6.45
2013-06-03,6.2
2013-06-02,6.9
2013-06-01,6.56666666667
2013-05-31,7.05
2013-05-30,7.78333333333
2013-05-29,7.76666666667
2013-05-28,7.61666666667
2013-05-27,7.61666666667
2013-05-26,9.46666666667
2013-05-25,7.68333333333
2013-05-24,7.96666666667
2013-05-23,7.73333333333
2013-05-22,8.03333333333
2013-05-21,8.56666666667
2013-05-20,8.88333333333
2013-05-19,8.73333333333
2013-05-18,8.19166666667
2013-05-17,7.55
2013-05-16,7.88333333333
2013-05-15,7.76666666667
2013-05-14,8.75
2013-05-13,6.61666666667
2013-05-12,6.81666666667
2013-05-11,6.83333333333
2013-05-10,6.68333333333
2013-05-09,6.78333333333
2013-05-08,7.93333333333
2013-05-07,6.7
2013-05-06,6.53333333333
2013-05-05,7.8
2013-05-04,7.23333333333
2013-05-03,8.8
2013-05-02,7.86666666667
2013-05-01,8.0
2013-04-30,7.76666666667
2013-04-29,6.35
2013-04-28,7.95
2013-04-27,7.2
2013-04-26,6.4
2013-04-25,7.48333333333
2013-04-24,6.61666666667
2013-04-23,7.36666666667
2013-04-22,7.31666666667
2013-04-21,7.01666666667
2013-04-20,8.06666666667
2013-04-19,8.76666666667
2013-04-18,9.25
2013-04-17,6.95
2013-04-16,6.85
2013-04-15,7.08333333333
2013-04-14,7.95
2013-04-13,7.41666666667
2013-04-12,6.8
2013-04-11,7.36666666667
2013-04-10,7.35
2013-04-09,7.75
2013-04-08,6.46666666667
2013-04-07,7.38333333333
2013-04-06,5.78333333333
2013-04-05,7.58333333333
2013-04-04,7.68333333333
2013-04-03,6.78333333333
2013-04-02,7.38333333333
2013-04-01,5.76666666667
2013-03-31,7.71666666667
2013-03-30,7.31666666667
2013-03-29,6.75
2013-03-28,6.5
2013-03-27,9.76666666667
2013-03-26,7.06666666667
2013-03-25,7.08333333333
2013-03-24,5.2
2013-03-23,6.15
2013-03-22,5.85
2013-03-21,5.35
2013-03-20,6.75
2013-03-19,6.3
2013-03-18,6.55
2013-03-17,5.9
2013-03-16,7.35
2013-03-15,8.45
2013-03-14,7.93333333333
2013-03-13,8.71666666667
2013-03-12,12.4666666667
2013-03-11,6.9
2013-03-10,7.11666666667
2013-03-09,10.1666666667
2013-03-08,10.5833333333
2013-03-07,9.33333333333
2013-03-06,8.66666666667
2013-03-05,8.61666666667
2013-03-04,7.01666666667
2013-03-03,7.86666666667
2013-03-02,9.4
2013-03-01,9.18333333333
2013-02-28,8.25
2013-02-27,6.23333333333
2013-02-26,9.0
2013-02-25,6.18333333333
2013-02-24,8.41666666667
2013-02-23,8.01666666667
2013-02-22,10.2833333333
2013-02-21,7.4
2013-02-20,8.53333333333
2013-02-19,7.8
2013-02-18,9.26666666667
2013-02-17,7.55
2013-02-16,7.7
2013-02-15,7.96666666667
2013-02-14,7.65
2013-02-13,9.56666666667
2013-02-12,11.4
2013-02-11,8.96666666667
2013-02-10,8.68333333333
2013-02-09,11.4833333333
2013-02-08,11.55
2013-02-07,9.76666666667
2013-02-06,9.5
2013-02-05,9.26666666667
2013-02-04,8.81666666667
2013-02-03,9.1
2013-02-02,8.63333333333
2013-02-01,9.76666666667
2013-01-31,6.51666666667
2013-01-30,9.26666666667
2013-01-29,9.5
2013-01-28,8.75
2013-01-27,8.43333333333
2013-01-26,9.46666666667
2013-01-25,11.55
2013-01-24,10.0333333333
2013-01-23,10.0833333333
2013-01-22,11.4833333333
2013-01-21,9.43333333333
2013-01-20,8.98333333333
2013-01-19,9.61666666667
2013-01-18,13.2
2013-01-17,11.1666666667
2013-01-16,11.5083333333
2013-01-15,12.55
2013-01-14,11.3166666667
2013-01-13,12.2666666667
2013-01-12,11.2833333333
2013-01-11,11.95
2013-01-10,8.96666666667
2013-01-09,11.4166666667
2013-01-08,9.66666666667
2013-01-07,8.46666666667
2013-01-06,11.0833333333
2013-01-05,8.7
2013-01-04,10.6833333333
2013-01-03,9.33333333333
2013-01-02,9.3
2013-01-01,10.0833333333
2012-12-31,8.28333333333
2012-12-30,9.18333333333
2012-12-29,12.9
2012-12-28,9.5
2012-12-27,10.05
2012-12-26,11.4666666667
2012-12-25,10.7166666667
2012-12-24,11.4333333333
2012-12-23,10.2833333333
2012-12-22,11.5
2012-12-21,11.8916666667
2012-12-20,14.5166666667
2012-12-19,9.98333333333
2012-12-18,13.6166666667
2012-12-17,14.3166666667
2012-12-16,12.3
2012-12-15,13.55
2012-12-14,19.3833333333
2012-12-13,11.4166666667
2012-12-12,13.0166666667
2012-12-11,12.5333333333
2012-12-10,12.85
2012-12-09,13.0833333333
2012-12-08,10.8833333333
2012-12-07,12.6
2012-12-06,11.6
2012-12-05,16.5833333333
2012-12-04,17.1
2012-12-03,9.73333333333
2012-12-02,8.93333333333
2012-12-01,11.5833333333
2012-11-30,14.0833333333
2012-11-29,11.2166666667
2012-11-28,11.35
2012-11-27,9.9
2012-11-26,10.4166666667
2012-11-25,13.2166666667
2012-11-24,13.35
2012-11-23,15.6
2012-11-22,11.6833333333
2012-11-21,11.7166666667
2012-11-20,11.3166666667
2012-11-19,14.5666666667
2012-11-18,9.91666666667
2012-11-17,14.0166666667
2012-11-16,12.9833333333
2012-11-15,14.1
2012-11-14,11.8666666667
2012-11-13,11.7166666667
2012-11-12,11.1916666667
2012-11-11,15.8333333333
2012-11-10,9.88333333333
2012-11-09,12.8
2012-11-08,11.1333333333
2012-11-07,11.05
2012-11-06,13.75
2012-11-05,11.7833333333
2012-11-04,10.75
2012-11-03,14.5
2012-11-02,16.3666666667
2012-11-01,13.8833333333
2012-10-31,16.1166666667
2012-10-30,11.525
2012-10-29,9.75
2012-10-28,9.18333333333
2012-10-27,8.63333333333
2012-10-26,9.50833333333
2012-10-25,13.2
2012-10-24,11.6833333333
2012-10-23,15.7166666667
2012-10-22,10.6666666667
2012-10-21,10.5833333333
2012-10-20,11.3833333333
2012-10-19,11.35
2012-10-18,10.95
2012-10-17,16.0666666667
2012-10-16,10.7833333333
2012-10-15,10.6
2012-10-14,13.1833333333
2012-10-13,11.4666666667
2012-10-12,10.3
2012-10-11,13.65
2012-10-10,11.9333333333
2012-10-09,14.2666666667
2012-10-08,11.6166666667
2012-10-07,11.375
2012-10-06,12.4833333333
2012-10-05,12.8833333333
2012-10-04,13.8916666667
2012-10-03,13.85
2012-10-02,12.3166666667
2012-10-01,10.7416666667
2012-09-30,13.95
2012-09-29,12.9666666667
2012-09-28,11.2166666667
2012-09-27,13.4833333333
2012-09-26,12.9333333333
2012-09-25,8.9
2012-09-24,13.0583333333
2012-09-23,13.8166666667
2012-09-22,11.7666666667
2012-09-21,10.5166666667
2012-09-20,14.7
2012-09-19,11.85
2012-09-18,11.2833333333
2012-09-17,10.7833333333
2012-09-16,11.8833333333
2012-09-15,13.05
2012-09-14,10.3666666667
2012-09-13,11.5166666667
2012-09-12,14.4
2012-09-11,11.1333333333
2012-09-10,16.55
2012-09-09,11.2
2012-09-08,13.4
2012-09-07,10.0333333333
2012-09-06,8.46666666667
2012-09-05,10.95
2012-09-04,15.6166666667
2012-09-03,9.01666666667
2012-09-02,8.6
2012-09-01,11.35
2012-08-31,12.2
2012-08-30,11.0666666667
2012-08-29,10.0
2012-08-28,14.4333333333
2012-08-27,11.1833333333
2012-08-26,11.25
2012-08-25,16.9
2012-08-24,11.4666666667
2012-08-23,9.63333333333
2012-08-22,13.7
2012-08-21,10.1833333333
2012-08-20,10.2166666667
2012-08-19,13.2333333333
2012-08-18,15.6166666667
2012-08-17,13.2666666667
2012-08-16,16.1666666667
2012-08-15,16.0666666667
2012-08-14,12.7
2012-08-13,14.6
2012-08-12,12.4666666667
2012-08-11,13.1666666667
2012-08-10,8.85
2012-08-09,11.9333333333
2012-08-08,9.7
2012-08-07,12.6333333333
2012-08-06,19.775
2012-08-05,13.1166666667
2012-08-04,13.9166666667
2012-08-03,10.2166666667
2012-08-02,12.85
2012-08-01,16.2833333333
2012-07-31,21.7916666667
2012-07-30,12.4666666667
2012-07-29,14.9
2012-07-28,11.6
2012-07-27,10.9833333333
2012-07-26,13.0666666667
2012-07-25,11.45
2012-07-24,13.2833333333
2012-07-23,10.6833333333
2012-07-22,11.8833333333
2012-07-21,15.25
2012-07-20,16.6833333333
2012-07-19,12.6833333333
2012-07-18,14.7
2012-07-17,13.3
2012-07-16,12.8833333333
2012-07-15,15.1916666667
2012-07-14,17.2666666667
2012-07-13,12.1166666667
2012-07-12,15.7
2012-07-11,13.65
2012-07-10,18.1666666667
2012-07-09,11.6166666667
2012-07-08,11.15
2012-07-07,12.2
2012-07-06,11.65
2012-07-05,13.5666666667
2012-07-04,13.3333333333
2012-07-03,13.1833333333
2012-07-02,10.5166666667
2012-07-01,16.9916666667
2012-06-30,14.0833333333
2012-06-29,13.6166666667
2012-06-28,14.1666666667
2012-06-27,11.5166666667
2012-06-26,17.4833333333
2012-06-25,13.8833333333
2012-06-24,13.7166666667
2012-06-23,10.6333333333
2012-06-22,15.3666666667
2012-06-21,14.3666666667
2012-06-20,21.2916666667
2012-06-19,12.9333333333
2012-06-18,14.6833333333
2012-06-17,12.55
2012-06-16,23.7833333333
2012-06-15,20.1833333333
2012-06-14,47.7333333333
2012-06-13,28.95
2012-06-12,12.3
2012-06-11,11.4666666667
2012-06-10,10.8166666667
2012-06-09,10.2666666667
2012-06-08,14.8166666667
2012-06-07,17.575
2012-06-06,8.46666666667
2012-06-05,16.35
2012-06-04,14.775
2012-06-03,11.2166666667
2012-06-02,10.9333333333
2012-06-01,9.81666666667
2012-05-31,10.7166666667
2012-05-30,15.3666666667
2012-05-29,12.4166666667
2012-05-28,11.25
2012-05-27,9.45
2012-05-26,12.9666666667
2012-05-25,14.6833333333
2012-05-24,14.8
2012-05-23,16.5
2012-05-22,15.3
2012-05-21,11.3166666667
2012-05-20,11.8166666667
2012-05-19,11.2833333333
2012-05-18,10.0333333333
2012-05-17,12.0333333333
2012-05-16,14.35
2012-05-15,12.2166666667
2012-05-14,12.6166666667
2012-05-13,9.83333333333
2012-05-12,9.03333333333
2012-05-11,15.1833333333
2012-05-10,9.95833333333
2012-05-09,9.5
2012-05-08,7.56666666667
2012-05-07,9.55
2012-05-06,9.81666666667
2012-05-05,9.58333333333
2012-05-04,9.08333333333
2012-05-03,8.91666666667
2012-05-02,12.15
2012-05-01,11.6333333333
2012-04-30,8.9
2012-04-29,8.35
2012-04-28,9.31666666667
2012-04-27,10.4
2012-04-26,18.1
2012-04-25,9.88333333333
2012-04-24,10.45
2012-04-23,9.21666666667
2012-04-22,8.55
2012-04-21,10.7
2012-04-20,8.25
2012-04-19,8.56666666667
2012-04-18,10.6083333333
2012-04-17,9.21666666667
2012-04-16,10.05
2012-04-15,11.325
2012-04-14,9.63333333333
2012-04-13,11.5333333333
2012-04-12,10.2333333333
2012-04-11,8.5
2012-04-10,9.16666666667
2012-04-09,8.66666666667
2012-04-08,8.70833333333
2012-04-07,9.75
2012-04-06,11.1166666667
2012-04-05,10.275
2012-04-04,10.15
2012-04-03,10.0333333333
2012-04-02,11.4666666667
2012-04-01,8.74166666667
2012-03-31,8.06666666667
2012-03-30,8.3
2012-03-29,9.25
2012-03-28,9.55
2012-03-27,8.96666666667
2012-03-26,8.66666666667
2012-03-25,8.54166666667
2012-03-24,7.90833333333
2012-03-23,10.6333333333
2012-03-22,9.075
2012-03-21,8.45
2012-03-20,9.15833333333
2012-03-19,9.56666666667
2012-03-18,8.38333333333
2012-03-17,9.26666666667
2012-03-16,9.0
2012-03-15,10.9333333333
2012-03-14,10.55
2012-03-13,9.86666666667
2012-03-12,7.88333333333
2012-03-11,12.1666666667
2012-03-10,10.5416666667
2012-03-09,9.2
2012-03-08,8.96666666667
2012-03-07,11.3666666667
2012-03-06,8.9
2012-03-05,9.16666666667
2012-03-04,8.18333333333
2012-03-03,9.85833333333
2012-03-02,11.95
2012-03-01,7.88333333333
2012-02-29,7.28333333333
2012-02-28,9.68333333333
2012-02-27,9.26666666667
2012-02-26,11.1166666667
2012-02-25,8.98333333333
2012-02-24,9.81666666667
2012-02-23,12.4
2012-02-22,12.05
2012-02-21,16.15
2012-02-20,12.1833333333
2012-02-19,12.3833333333
2012-02-18,12.0833333333
2012-02-17,13.3166666667
2012-02-16,12.7333333333
2012-02-15,12.15
2012-02-14,9.61666666667
2012-02-13,10.8333333333
2012-02-12,10.95
2012-02-11,12.6
2012-02-10,10.5666666667
2012-02-09,13.2166666667
2012-02-08,15.6833333333
2012-02-07,13.8666666667
2012-02-06,12.7333333333
2012-02-05,16.4833333333
2012-02-04,11.6333333333
2012-02-03,12.65
2012-02-02,12.4333333333
2012-02-01,17.0333333333
2012-01-31,11.0833333333
2012-01-30,12.0
2012-01-29,13.7666666667
2012-01-28,10.8833333333
2012-01-27,13.2833333333
2012-01-26,15.2333333333
2012-01-25,11.6833333333
2012-01-24,12.85
2012-01-23,12.9
2012-01-22,15.4
2012-01-21,11.05
2012-01-20,12.8666666667
2012-01-19,13.5166666667
2012-01-18,12.7833333333
2012-01-17,12.9333333333
2012-01-16,13.05
2012-01-15,13.1166666667
2012-01-14,12.2333333333
2012-01-13,14.4333333333
2012-01-12,13.3333333333
2012-01-11,13.0166666667
2012-01-10,13.7166666667
2012-01-09,12.65
2012-01-08,14.0166666667
2012-01-07,12.3166666667
2012-01-06,10.1333333333
2012-01-05,14.1166666667
2012-01-04,13.6166666667
2012-01-03,13.6166666667
2012-01-02,15.5666666667
2012-01-01,15.05
2011-12-31,12.1333333333
2011-12-30,13.9
2011-12-29,14.9666666667
2011-12-28,13.9
2011-12-27,13.8333333333
2011-12-26,12.5333333333
2011-12-25,13.0333333333
2011-12-24,15.3666666667
2011-12-23,13.2333333333
2011-12-22,14.6
2011-12-21,12.925
2011-12-20,14.9
2011-12-19,16.0333333333
2011-12-18,9.23333333333
2011-12-17,13.1833333333
2011-12-16,12.0166666667
2011-12-15,15.9333333333
2011-12-14,17.05
2011-12-13,15.6166666667
2011-12-12,10.6333333333
2011-12-11,13.25
2011-12-10,14.0333333333
2011-12-09,10.2666666667
2011-12-08,14.0166666667
2011-12-07,14.0
2011-12-06,15.1833333333
2011-12-05,13.3666666667
2011-12-04,16.0166666667
2011-12-03,12.7833333333
2011-12-02,11.0666666667
2011-12-01,0.0
2011-11-30,0.0
2011-11-29,0.0
2011-11-28,0.0
2011-11-27,0.0
2011-11-26,0.0
2011-11-25,0.0
2011-11-24,0.0
2011-11-23,0.0
2011-11-22,0.0
2011-11-21,0.0
2011-11-20,0.0
2011-11-19,0.0
2011-11-18,0.0
2011-11-17,0.0
2011-11-16,0.0
2011-11-15,0.0
2011-11-14,0.0
2011-11-13,0.0
2011-11-12,0.0
2011-11-11,0.0
2011-11-10,0.0
2011-11-09,0.0
2011-11-08,0.0
2011-11-07,0.0
2011-11-06,0.0
2011-11-05,0.0
2011-11-04,0.0
2011-11-03,0.0
2011-11-02,0.0
2011-11-01,0.0
2011-10-31,0.0
2011-10-30,0.0
2011-10-29,0.0
2011-10-28,0.0
2011-10-27,0.0
2011-10-26,0.0
2011-10-25,0.0
2011-10-24,0.0
2011-10-23,0.0
2011-10-22,0.0
2011-10-21,0.0
2011-10-20,0.0
2011-10-19,0.0
2011-10-18,0.0
2011-10-17,0.0
2011-10-16,0.0
2011-10-15,0.0
2011-10-14,0.0
2011-10-13,0.0
2011-10-12,0.0
2011-10-11,0.0
2011-10-10,0.0
2011-10-09,0.0
2011-10-08,0.0
2011-10-07,0.0
2011-10-06,0.0
2011-10-05,0.0
2011-10-04,0.0
2011-10-03,0.0
2011-10-02,0.0
2011-10-01,0.0
2011-09-30,0.0
2011-09-29,0.0
2011-09-28,0.0
2011-09-27,0.0
2011-09-26,0.0
2011-09-25,0.0
2011-09-24,0.0
2011-09-23,0.0
2011-09-22,0.0
2011-09-21,0.0
2011-09-20,0.0
2011-09-19,0.0
2011-09-18,0.0
2011-09-17,0.0
2011-09-16,0.0
2011-09-15,0.0
2011-09-14,0.0
2011-09-13,0.0
2011-09-12,0.0
2011-09-11,0.0
2011-09-10,0.0
2011-09-09,0.0
2011-09-08,0.0
2011-09-07,0.0
2011-09-06,0.0
2011-09-05,0.0
2011-09-04,0.0
2011-09-03,0.0
2011-09-02,0.0
2011-09-01,0.0
2011-08-31,0.0
2011-08-30,0.0
2011-08-29,0.0
2011-08-28,0.0
2011-08-27,0.0
2011-08-26,0.0
2011-08-25,0.0
2011-08-24,0.0
2011-08-23,0.0
2011-08-22,0.0
2011-08-21,0.0
2011-08-20,0.0
2011-08-19,0.0
2011-08-18,0.0
2011-08-17,0.0
2011-08-16,0.0
2011-08-15,0.0
2011-08-14,0.0
2011-08-13,0.0
2011-08-12,0.0
2011-08-11,0.0
2011-08-10,0.0
2011-08-09,0.0
2011-08-08,0.0
2011-08-07,0.0
2011-08-06,0.0
2011-08-05,0.0
2011-08-04,0.0
2011-08-03,0.0
2011-08-02,0.0
2011-08-01,0.0
2011-07-31,0.0
2011-07-30,0.0
2011-07-29,0.0
2011-07-28,0.0
2011-07-27,0.0
2011-07-26,0.0
2011-07-25,0.0
2011-07-24,0.0
2011-07-23,0.0
2011-07-22,0.0
2011-07-21,0.0
2011-07-20,0.0
2011-07-19,0.0
2011-07-18,0.0
2011-07-17,0.0
2011-07-16,0.0
2011-07-15,0.0
2011-07-14,0.0
2011-07-13,0.0
2011-07-12,0.0
2011-07-11,0.0
2011-07-10,0.0
2011-07-09,0.0
2011-07-08,0.0
2011-07-07,0.0
2011-07-06,0.0
2011-07-05,0.0
2011-07-04,0.0
2011-07-03,0.0
2011-07-02,0.0
2011-07-01,0.0
2011-06-30,0.0
2011-06-29,0.0
2011-06-28,0.0
2011-06-27,0.0
2011-06-26,0.0
2011-06-25,0.0
2011-06-24,0.0
2011-06-23,0.0
2011-06-22,0.0
2011-06-21,0.0
2011-06-20,0.0
2011-06-19,0.0
2011-06-18,0.0
2011-06-17,0.0
2011-06-16,0.0
2011-06-15,0.0
2011-06-14,0.0
2011-06-13,0.0
2011-06-12,0.0
2011-06-11,0.0
2011-06-10,0.0
2011-06-09,0.0
2011-06-08,0.0
2011-06-07,0.0
2011-06-06,0.0
2011-06-05,0.0
2011-06-04,0.0
2011-06-03,0.0
2011-06-02,0.0
2011-06-01,0.0
2011-05-31,0.0
2011-05-30,0.0
2011-05-29,0.0
2011-05-28,0.0
2011-05-27,0.0
2011-05-26,0.0
2011-05-25,0.0
2011-05-24,0.0
2011-05-23,0.0
2011-05-22,0.0
2011-05-21,0.0
2011-05-20,0.0
2011-05-19,0.0
2011-05-18,0.0
2011-05-17,0.0
2011-05-16,0.0
2011-05-15,0.0
2011-05-14,0.0
2011-05-13,0.0
2011-05-12,0.0
2011-05-11,0.0
2011-05-10,0.0
2011-05-09,0.0
2011-05-08,0.0
2011-05-07,0.0
2011-05-06,0.0
2011-05-05,0.0
2011-05-04,0.0
2011-05-03,0.0
2011-05-02,0.0
2011-05-01,0.0
2011-04-30,0.0
2011-04-29,0.0
2011-04-28,0.0
2011-04-27,0.0
2011-04-26,0.0
2011-04-25,0.0
2011-04-24,0.0
2011-04-23,0.0
2011-04-22,0.0
2011-04-21,0.0
2011-04-20,0.0
2011-04-19,0.0
2011-04-18,0.0
2011-04-17,0.0
2011-04-16,0.0
2011-04-15,0.0
2011-04-14,0.0
2011-04-13,0.0
2011-04-12,0.0
2011-04-11,0.0
2011-04-10,0.0
2011-04-09,0.0
2011-04-08,0.0
2011-04-07,0.0
2011-04-06,0.0
2011-04-05,0.0
2011-04-04,0.0
2011-04-03,0.0
2011-04-02,0.0
2011-04-01,0.0
2011-03-31,0.0
2011-03-30,0.0
2011-03-29,0.0
2011-03-28,0.0
2011-03-27,0.0
2011-03-26,0.0
2011-03-25,0.0
2011-03-24,0.0
2011-03-23,0.0
2011-03-22,0.0
2011-03-21,0.0
2011-03-20,0.0
2011-03-19,0.0
2011-03-18,0.0
2011-03-17,0.0
2011-03-16,0.0
2011-03-15,0.0
2011-03-14,0.0
2011-03-13,0.0
2011-03-12,0.0
2011-03-11,0.0
2011-03-10,0.0
2011-03-09,0.0
2011-03-08,0.0
2011-03-07,0.0
2011-03-06,0.0
2011-03-05,0.0
2011-03-04,0.0
2011-03-03,0.0
2011-03-02,0.0
2011-03-01,0.0
2011-02-28,0.0
2011-02-27,0.0
2011-02-26,0.0
2011-02-25,0.0
2011-02-24,0.0
2011-02-23,0.0
2011-02-22,0.0
2011-02-21,0.0
2011-02-20,0.0
2011-02-19,0.0
2011-02-18,0.0
2011-02-17,0.0
2011-02-16,0.0
2011-02-15,0.0
2011-02-14,0.0
2011-02-13,0.0
2011-02-12,0.0
2011-02-11,0.0
2011-02-10,0.0
2011-02-09,0.0
2011-02-08,0.0
2011-02-07,0.0
2011-02-06,0.0
2011-02-05,0.0
2011-02-04,0.0
2011-02-03,0.0
2011-02-02,0.0
2011-02-01,0.0
2011-01-31,0.0
2011-01-30,0.0
2011-01-29,0.0
2011-01-28,0.0
2011-01-27,0.0
2011-01-26,0.0
2011-01-25,0.0
2011-01-24,0.0
2011-01-23,0.0
2011-01-22,0.0
2011-01-21,0.0
2011-01-20,0.0
2011-01-19,0.0
2011-01-18,0.0
2011-01-17,0.0
2011-01-16,0.0
2011-01-15,0.0
2011-01-14,0.0
2011-01-13,0.0
2011-01-12,0.0
2011-01-11,0.0
2011-01-10,0.0
2011-01-09,0.0
2011-01-08,0.0
2011-01-07,0.0
2011-01-06,0.0
2011-01-05,0.0
2011-01-04,0.0
2011-01-03,0.0
2011-01-02,0.0
2011-01-01,0.0
2010-12-31,0.0
2010-12-30,0.0
2010-12-29,0.0
2010-12-28,0.0
2010-12-27,0.0
2010-12-26,0.0
2010-12-25,0.0
2010-12-24,0.0
2010-12-23,0.0
2010-12-22,0.0
2010-12-21,0.0
2010-12-20,0.0
2010-12-19,0.0
2010-12-18,0.0
2010-12-17,0.0
2010-12-16,0.0
2010-12-15,0.0
2010-12-14,0.0
2010-12-13,0.0
2010-12-12,0.0
2010-12-11,0.0
2010-12-10,0.0
2010-12-09,0.0
2010-12-08,0.0
2010-12-07,0.0
2010-12-06,0.0
2010-12-05,0.0
2010-12-04,0.0
2010-12-03,0.0
2010-12-02,0.0
2010-12-01,0.0
2010-11-30,0.0
2010-11-29,0.0
2010-11-28,0.0
2010-11-27,0.0
2010-11-26,0.0
2010-11-25,0.0
2010-11-24,0.0
2010-11-23,0.0
2010-11-22,0.0
2010-11-21,0.0
2010-11-20,0.0
2010-11-19,0.0
2010-11-18,0.0
2010-11-17,0.0
2010-11-16,0.0
2010-11-15,0.0
2010-11-14,0.0
2010-11-13,0.0
2010-11-12,0.0
2010-11-11,0.0
2010-11-10,0.0
2010-11-09,0.0
2010-11-08,0.0
2010-11-07,0.0
2010-11-06,0.0
2010-11-05,0.0
2010-11-04,0.0
2010-11-03,0.0
2010-11-02,0.0
2010-11-01,0.0
2010-10-31,0.0
2010-10-30,0.0
2010-10-29,0.0
2010-10-28,0.0
2010-10-27,0.0
2010-10-26,0.0
2010-10-25,0.0
2010-10-24,0.0
2010-10-23,0.0
2010-10-22,0.0
2010-10-21,0.0
2010-10-20,0.0
2010-10-19,0.0
2010-10-18,0.0
2010-10-17,0.0
2010-10-16,0.0
2010-10-15,0.0
2010-10-14,0.0
2010-10-13,0.0
2010-10-12,0.0
2010-10-11,0.0
2010-10-10,0.0
2010-10-09,0.0
2010-10-08,0.0
2010-10-07,0.0
2010-10-06,0.0
2010-10-05,0.0
2010-10-04,0.0
2010-10-03,0.0
2010-10-02,0.0
2010-10-01,0.0
2010-09-30,0.0
2010-09-29,0.0
2010-09-28,0.0
2010-09-27,0.0
2010-09-26,0.0
2010-09-25,0.0
2010-09-24,0.0
2010-09-23,0.0
2010-09-22,0.0
2010-09-21,0.0
2010-09-20,0.0
2010-09-19,0.0
2010-09-18,0.0
2010-09-17,0.0
2010-09-16,0.0
2010-09-15,0.0
2010-09-14,0.0
2010-09-13,0.0
2010-09-12,0.0
2010-09-11,0.0
2010-09-10,0.0
2010-09-09,0.0
2010-09-08,0.0
2010-09-07,0.0
2010-09-06,0.0
2010-09-05,0.0
2010-09-04,0.0
2010-09-03,0.0
2010-09-02,0.0
2010-09-01,0.0
2010-08-31,0.0
2010-08-30,0.0
2010-08-29,0.0
2010-08-28,0.0
2010-08-27,0.0
2010-08-26,0.0
2010-08-25,0.0
2010-08-24,0.0
2010-08-23,0.0
2010-08-22,0.0
2010-08-21,0.0
2010-08-20,0.0
2010-08-19,0.0
2010-08-18,0.0
2010-08-17,0.0
2010-08-16,0.0
2010-08-15,0.0
2010-08-14,0.0
2010-08-13,0.0
2010-08-12,0.0
2010-08-11,0.0
2010-08-10,0.0
2010-08-09,0.0
2010-08-08,0.0
2010-08-07,0.0
2010-08-06,0.0
2010-08-05,0.0
2010-08-04,0.0
2010-08-03,0.0
2010-08-02,0.0
2010-08-01,0.0
2010-07-31,0.0
2010-07-30,0.0
2010-07-29,0.0
2010-07-28,0.0
2010-07-27,0.0
2010-07-26,0.0
2010-07-25,0.0
2010-07-24,0.0
2010-07-23,0.0
2010-07-22,0.0
2010-07-21,0.0
2010-07-20,0.0
2010-07-19,0.0
2010-07-18,0.0
2010-07-17,0.0
2010-07-16,0.0
2010-07-15,0.0
2010-07-14,0.0
2010-07-13,0.0
2010-07-12,0.0
2010-07-11,0.0
2010-07-10,0.0
2010-07-09,0.0
2010-07-08,0.0
2010-07-07,0.0
2010-07-06,0.0
2010-07-05,0.0
2010-07-04,0.0
2010-07-03,0.0
2010-07-02,0.0
2010-07-01,0.0
2010-06-30,0.0
2010-06-29,0.0
2010-06-28,0.0
2010-06-27,0.0
2010-06-26,0.0
2010-06-25,0.0
2010-06-24,0.0
2010-06-23,0.0
2010-06-22,0.0
2010-06-21,0.0
2010-06-20,0.0
2010-06-19,0.0
2010-06-18,0.0
2010-06-17,0.0
2010-06-16,0.0
2010-06-15,0.0
2010-06-14,0.0
2010-06-13,0.0
2010-06-12,0.0
2010-06-11,0.0
2010-06-10,0.0
2010-06-09,0.0
2010-06-08,0.0
2010-06-07,0.0
2010-06-06,0.0
2010-06-05,0.0
2010-06-04,0.0
2010-06-03,0.0
2010-06-02,0.0
2010-06-01,0.0
2010-05-31,0.0
2010-05-30,0.0
2010-05-29,0.0
2010-05-28,0.0
2010-05-27,0.0
2010-05-26,0.0
2010-05-25,0.0
2010-05-24,0.0
2010-05-23,0.0
2010-05-22,0.0
2010-05-21,0.0
2010-05-20,0.0
2010-05-19,0.0
2010-05-18,0.0
2010-05-17,0.0
2010-05-16,0.0
2010-05-15,0.0
2010-05-14,0.0
2010-05-13,0.0
2010-05-12,0.0
2010-05-11,0.0
2010-05-10,0.0
2010-05-09,0.0
2010-05-08,0.0
2010-05-07,0.0
2010-05-06,0.0
2010-05-05,0.0
2010-05-04,0.0
2010-05-03,0.0
2010-05-02,0.0
2010-05-01,0.0
2010-04-30,0.0
2010-04-29,0.0
2010-04-28,0.0
2010-04-27,0.0
2010-04-26,0.0
2010-04-25,0.0
2010-04-24,0.0
2010-04-23,0.0
2010-04-22,0.0
2010-04-21,0.0
2010-04-20,0.0
2010-04-19,0.0
2010-04-18,0.0
2010-04-17,0.0
2010-04-16,0.0
2010-04-15,0.0
2010-04-14,0.0
2010-04-13,0.0
2010-04-12,0.0
2010-04-11,0.0
2010-04-10,0.0
2010-04-09,0.0
2010-04-08,0.0
2010-04-07,0.0
2010-04-06,0.0
2010-04-05,0.0
2010-04-04,0.0
2010-04-03,0.0
2010-04-02,0.0
2010-04-01,0.0
2010-03-31,0.0
2010-03-30,0.0
2010-03-29,0.0
2010-03-28,0.0
2010-03-27,0.0
2010-03-26,0.0
2010-03-25,0.0
2010-03-24,0.0
2010-03-23,0.0
2010-03-22,0.0
2010-03-21,0.0
2010-03-20,0.0
2010-03-19,0.0
2010-03-18,0.0
2010-03-17,0.0
2010-03-16,0.0
2010-03-15,0.0
2010-03-14,0.0
2010-03-13,0.0
2010-03-12,0.0
2010-03-11,0.0
2010-03-10,0.0
2010-03-09,0.0
2010-03-08,0.0
2010-03-07,0.0
2010-03-06,0.0
2010-03-05,0.0
2010-03-04,0.0
2010-03-03,0.0
2010-03-02,0.0
2010-03-01,0.0
2010-02-28,0.0
2010-02-27,0.0
2010-02-26,0.0
2010-02-25,0.0
2010-02-24,0.0
2010-02-23,0.0
2010-02-22,0.0
2010-02-21,0.0
2010-02-20,0.0
2010-02-19,0.0
2010-02-18,0.0
2010-02-17,0.0
2010-02-16,0.0
2010-02-15,0.0
2010-02-14,0.0
2010-02-13,0.0
2010-02-12,0.0
2010-02-11,0.0
2010-02-10,0.0
2010-02-09,0.0
2010-02-08,0.0
2010-02-07,0.0
2010-02-06,0.0
2010-02-05,0.0
2010-02-04,0.0
2010-02-03,0.0
2010-02-02,0.0
2010-02-01,0.0
2010-01-31,0.0
2010-01-30,0.0
2010-01-29,0.0
2010-01-28,0.0
2010-01-27,0.0
2010-01-26,0.0
2010-01-25,0.0
2010-01-24,0.0
2010-01-23,0.0
2010-01-22,0.0
2010-01-21,0.0
2010-01-20,0.0
2010-01-19,0.0
2010-01-18,0.0
2010-01-17,0.0
2010-01-16,0.0
2010-01-15,0.0
2010-01-14,0.0
2010-01-13,0.0
2010-01-12,0.0
2010-01-11,0.0
2010-01-10,0.0
2010-01-09,0.0
2010-01-08,0.0
2010-01-07,0.0
2010-01-06,0.0
2010-01-05,0.0
2010-01-04,0.0
2010-01-03,0.0
2010-01-02,0.0
2010-01-01,0.0
2009-12-31,0.0
2009-12-30,0.0
2009-12-29,0.0
2009-12-28,0.0
2009-12-27,0.0
2009-12-26,0.0
2009-12-25,0.0
2009-12-24,0.0
2009-12-23,0.0
2009-12-22,0.0
2009-12-21,0.0
2009-12-20,0.0
2009-12-19,0.0
2009-12-18,0.0
2009-12-17,0.0
2009-12-16,0.0
2009-12-15,0.0
2009-12-14,0.0
2009-12-13,0.0
2009-12-12,0.0
2009-12-11,0.0
2009-12-10,0.0
2009-12-09,0.0
2009-12-08,0.0
2009-12-07,0.0
2009-12-06,0.0
2009-12-05,0.0
2009-12-04,0.0
2009-12-03,0.0
2009-12-02,0.0
2009-12-01,0.0
2009-11-30,0.0
2009-11-29,0.0
2009-11-28,0.0
2009-11-27,0.0
2009-11-26,0.0
2009-11-25,0.0
2009-11-24,0.0
2009-11-23,0.0
2009-11-22,0.0
2009-11-21,0.0
2009-11-20,0.0
2009-11-19,0.0
2009-11-18,0.0
2009-11-17,0.0
2009-11-16,0.0
2009-11-15,0.0
2009-11-14,0.0
2009-11-13,0.0
2009-11-12,0.0
2009-11-11,0.0
2009-11-10,0.0
2009-11-09,0.0
2009-11-08,0.0
2009-11-07,0.0
2009-11-06,0.0
2009-11-05,0.0
2009-11-04,0.0
2009-11-03,0.0
2009-11-02,0.0
2009-11-01,0.0
2009-10-31,0.0
2009-10-30,0.0
2009-10-29,0.0
2009-10-28,0.0
2009-10-27,0.0
2009-10-26,0.0
2009-10-25,0.0
2009-10-24,0.0
2009-10-23,0.0
2009-10-22,0.0
2009-10-21,0.0
2009-10-20,0.0
2009-10-19,0.0
2009-10-18,0.0
2009-10-17,0.0
2009-10-16,0.0
2009-10-15,0.0
2009-10-14,0.0
2009-10-13,0.0
2009-10-12,0.0
2009-10-11,0.0
2009-10-10,0.0
2009-10-09,0.0
2009-10-08,0.0
2009-10-07,0.0
2009-10-06,0.0
2009-10-05,0.0
2009-10-04,0.0
2009-10-03,0.0
2009-10-02,0.0
2009-10-01,0.0
2009-09-30,0.0
2009-09-29,0.0
2009-09-28,0.0
2009-09-27,0.0
2009-09-26,0.0
2009-09-25,0.0
2009-09-24,0.0
2009-09-23,0.0
2009-09-22,0.0
2009-09-21,0.0
2009-09-20,0.0
2009-09-19,0.0
2009-09-18,0.0
2009-09-17,0.0
2009-09-16,0.0
2009-09-15,0.0
2009-09-14,0.0
2009-09-13,0.0
2009-09-12,0.0
2009-09-11,0.0
2009-09-10,0.0
2009-09-09,0.0
2009-09-08,0.0
2009-09-07,0.0
2009-09-06,0.0
2009-09-05,0.0
2009-09-04,0.0
2009-09-03,0.0
2009-09-02,0.0
2009-09-01,0.0
2009-08-31,0.0
2009-08-30,0.0
2009-08-29,0.0
2009-08-28,0.0
2009-08-27,0.0
2009-08-26,0.0
2009-08-25,0.0
2009-08-24,0.0
2009-08-23,0.0
2009-08-22,0.0
2009-08-21,0.0
2009-08-20,0.0
2009-08-19,0.0
2009-08-18,0.0
2009-08-17,0.0
2009-08-16,0.0
2009-08-15,0.0
2009-08-14,0.0
2009-08-13,0.0
2009-08-12,0.0
2009-08-11,0.0
2009-08-10,0.0
2009-08-09,0.0
2009-08-08,0.0
2009-08-07,0.0
2009-08-06,0.0
2009-08-05,0.0
2009-08-04,0.0
2009-08-03,0.0
2009-08-02,0.0
2009-08-01,0.0
2009-07-31,0.0
2009-07-30,0.0
2009-07-29,0.0
2009-07-28,0.0
2009-07-27,0.0
2009-07-26,0.0
2009-07-25,0.0
2009-07-24,0.0
2009-07-23,0.0
2009-07-22,0.0
2009-07-21,0.0
2009-07-20,0.0
2009-07-19,0.0
2009-07-18,0.0
2009-07-17,0.0
2009-07-16,0.0
2009-07-15,0.0
2009-07-14,0.0
2009-07-13,0.0
2009-07-12,0.0
2009-07-11,0.0
2009-07-10,0.0
2009-07-09,0.0
2009-07-08,0.0
2009-07-07,0.0
2009-07-06,0.0
2009-07-05,0.0
2009-07-04,0.0
2009-07-03,0.0
2009-07-02,0.0
2009-07-01,0.0
2009-06-30,0.0
2009-06-29,0.0
2009-06-28,0.0
2009-06-27,0.0
2009-06-26,0.0
2009-06-25,0.0
2009-06-24,0.0
2009-06-23,0.0
2009-06-22,0.0
2009-06-21,0.0
2009-06-20,0.0
2009-06-19,0.0
2009-06-18,0.0
2009-06-17,0.0
2009-06-16,0.0
2009-06-15,0.0
2009-06-14,0.0
2009-06-13,0.0
2009-06-12,0.0
2009-06-11,0.0
2009-06-10,0.0
2009-06-09,0.0
2009-06-08,0.0
2009-06-07,0.0
2009-06-06,0.0
2009-06-05,0.0
2009-06-04,0.0
2009-06-03,0.0
2009-06-02,0.0
2009-06-01,0.0
2009-05-31,0.0
2009-05-30,0.0
2009-05-29,0.0
2009-05-28,0.0
2009-05-27,0.0
2009-05-26,0.0
2009-05-25,0.0
2009-05-24,0.0
2009-05-23,0.0
2009-05-22,0.0
2009-05-21,0.0
2009-05-20,0.0
2009-05-19,0.0
2009-05-18,0.0
2009-05-17,0.0
2009-05-16,0.0
2009-05-15,0.0
2009-05-14,0.0
2009-05-13,0.0
2009-05-12,0.0
2009-05-11,0.0
2009-05-10,0.0
2009-05-09,0.0
2009-05-08,0.0
2009-05-07,0.0
2009-05-06,0.0
2009-05-05,0.0
2009-05-04,0.0
2009-05-03,0.0
2009-05-02,0.0
2009-05-01,0.0
2009-04-30,0.0
2009-04-29,0.0
2009-04-28,0.0
2009-04-27,0.0
2009-04-26,0.0
2009-04-25,0.0
2009-04-24,0.0
2009-04-23,0.0
2009-04-22,0.0
2009-04-21,0.0
2009-04-20,0.0
2009-04-19,0.0
2009-04-18,0.0
2009-04-17,0.0
2009-04-16,0.0
2009-04-15,0.0
2009-04-14,0.0
2009-04-13,0.0
2009-04-12,0.0
2009-04-11,0.0
2009-04-10,0.0
2009-04-09,0.0
2009-04-08,0.0
2009-04-07,0.0
2009-04-06,0.0
2009-04-05,0.0
2009-04-04,0.0
2009-04-03,0.0
2009-04-02,0.0
2009-04-01,0.0
2009-03-31,0.0
2009-03-30,0.0
2009-03-29,0.0
2009-03-28,0.0
2009-03-27,0.0
2009-03-26,0.0
2009-03-25,0.0
2009-03-24,0.0
2009-03-23,0.0
2009-03-22,0.0
2009-03-21,0.0
2009-03-20,0.0
2009-03-19,0.0
2009-03-18,0.0
2009-03-17,0.0
2009-03-16,0.0
2009-03-15,0.0
2009-03-14,0.0
2009-03-13,0.0
2009-03-12,0.0
2009-03-11,0.0
2009-03-10,0.0
2009-03-09,0.0
2009-03-08,0.0
2009-03-07,0.0
2009-03-06,0.0
2009-03-05,0.0
2009-03-04,0.0
2009-03-03,0.0
2009-03-02,0.0
2009-03-01,0.0
2009-02-28,0.0
2009-02-27,0.0
2009-02-26,0.0
2009-02-25,0.0
2009-02-24,0.0
2009-02-23,0.0
2009-02-22,0.0
2009-02-21,0.0
2009-02-20,0.0
2009-02-19,0.0
2009-02-18,0.0
2009-02-17,0.0
2009-02-16,0.0
2009-02-15,0.0
2009-02-14,0.0
2009-02-13,0.0
2009-02-12,0.0
2009-02-11,0.0
2009-02-10,0.0
2009-02-09,0.0
2009-02-08,0.0
2009-02-07,0.0
2009-02-06,0.0
2009-02-05,0.0
2009-02-04,0.0
2009-02-03,0.0
2009-02-02,0.0
2009-02-01,0.0
2009-01-31,0.0
2009-01-30,0.0
2009-01-29,0.0
2009-01-28,0.0
2009-01-27,0.0
2009-01-26,0.0
2009-01-25,0.0
2009-01-24,0.0
2009-01-23,0.0
2009-01-22,0.0
2009-01-21,0.0
2009-01-20,0.0
2009-01-19,0.0
2009-01-18,0.0
2009-01-17,0.0
2009-01-16,0.0
2009-01-15,0.0
2009-01-14,0.0
2009-01-13,0.0
2009-01-12,0.0
2009-01-11,0.0
2009-01-10,0.0
2009-01-09,0.0
2009-01-08,0.0
2009-01-07,0.0
2009-01-06,0.0
2009-01-05,0.0
2009-01-04,0.0
2009-01-03,0.0
